id,q1,q2,q3,q4,q5,q6,q7,q8,q9,q10,q11,q12,q13,q14,q15,q16,q17,q18,q19,q20,q21,q22,q23,q24,q25,q26,q27,q28,q29,q30,party
11,4,4,2,2,4,2,4,4,1,2,2,4,2,4,4,2,4,2,5,4,1,4,2,5,2,3,1,4,2,4,Kristillisdemokraatit
13,5,4,3,4,4,5,4,4,1,2,2,4,2,1,4,5,1,4,5,1,1,5,5,5,5,2,1,5,1,5,Kristillisdemokraatit
14,5,2,3,2,3,2,3,3,1,4,3,2,2,3,1,5,4,3,3,4,1,3,4,4,2,1,2,3,1,5,Kristillisdemokraatit
18,5,2,4,3,5,2,4,2,2,4,4,2,4,4,2,3,2,2,5,4,1,4,4,5,4,2,4,4,2,4,Kristillisdemokraatit
19,4,2,2,2,4,1,4,2,2,2,2,4,2,4,1,4,1,4,4,2,1,4,2,5,4,2,4,2,4,4,Kristillisdemokraatit
20,4,4,4,2,4,4,2,2,2,2,2,4,4,2,2,2,5,2,4,4,1,4,4,5,2,2,2,2,2,5,Kristillisdemokraatit
22,5,4,1,2,4,2,4,4,1,2,2,4,2,4,4,4,2,1,4,4,1,3,2,5,4,2,1,4,2,4,Kristillisdemokraatit
23,4,4,2,3,4,3,5,4,1,2,5,3,2,4,5,2,4,3,4,4,1,4,5,5,2,4,3,4,2,4,Kristillisdemokraatit
24,4,4,1,4,4,5,4,4,4,1,4,5,4,4,1,2,1,1,5,4,2,2,4,4,2,2,2,4,2,4,Keskusta
25,4,5,4,2,4,5,4,2,4,2,2,4,4,4,3,4,4,1,5,4,5,4,2,4,4,2,1,4,4,4,Keskusta
26,5,1,1,4,4,1,2,2,5,2,2,4,5,2,4,5,1,4,5,2,5,5,1,4,4,2,4,5,2,5,Keskusta
27,4,2,1,4,4,1,3,4,2,1,4,5,2,2,3,3,2,1,4,2,5,4,2,4,2,2,1,3,2,4,Keskusta
28,4,2,1,4,5,4,4,4,4,1,2,5,2,2,1,4,1,2,4,1,5,4,1,4,4,2,3,5,2,5,Keskusta
31,5,4,2,5,4,2,4,2,2,1,4,4,2,4,2,4,2,2,4,4,2,2,2,4,2,2,2,4,4,2,Keskusta
32,4,2,2,4,4,4,4,2,4,1,4,4,4,4,2,4,2,1,4,2,4,4,4,4,2,2,4,2,4,4,Keskusta
33,5,4,2,2,4,2,4,4,2,1,2,5,2,2,4,4,4,2,3,2,4,2,4,4,4,4,2,4,4,4,Keskusta
35,4,2,1,2,5,4,2,4,5,1,1,5,1,5,1,4,3,2,5,4,5,3,1,4,1,2,1,4,1,4,Keskusta
36,4,4,1,2,2,2,4,4,1,2,2,4,2,2,2,2,2,1,4,4,4,4,1,4,2,2,4,2,1,4,Keskusta
40,5,1,4,2,4,2,4,2,4,1,4,4,4,5,4,5,1,4,5,4,4,2,4,5,4,2,4,2,4,4,Kokoomus
41,4,1,5,2,4,4,4,2,5,2,2,2,4,4,4,5,1,4,5,2,5,4,4,4,4,2,4,5,4,4,Kokoomus
42,5,2,4,2,5,5,5,4,5,5,2,1,4,4,5,5,2,4,5,4,5,4,1,5,4,1,2,5,4,4,Kokoomus
43,5,2,5,2,5,5,4,4,1,1,5,2,4,4,2,5,1,4,5,2,1,1,5,5,4,1,4,5,4,2,Kokoomus
44,5,1,5,2,5,5,5,5,5,2,4,1,5,2,5,5,1,5,5,1,5,2,4,4,5,1,4,5,2,4,Kokoomus
45,5,1,4,4,5,2,5,4,2,5,4,2,5,4,2,5,2,4,4,2,4,5,2,5,5,1,5,5,4,4,Kokoomus
46,4,1,2,4,5,2,4,4,5,4,2,2,4,4,4,5,2,4,4,1,5,5,2,4,4,2,4,5,1,5,Kokoomus
47,5,1,5,4,5,2,4,4,5,1,4,1,4,5,2,5,1,4,5,2,4,1,4,4,4,1,2,5,2,4,Kokoomus
48,5,1,5,4,4,2,4,2,4,4,4,4,5,2,5,4,2,5,4,2,1,4,2,4,4,2,4,2,4,2,Kokoomus
49,5,2,4,2,5,4,4,4,4,2,4,2,5,4,4,5,2,4,5,2,4,1,4,4,4,1,4,4,2,2,Kokoomus
50,4,2,4,4,4,2,4,4,2,2,4,4,5,4,2,4,1,4,4,2,4,4,4,5,4,2,2,4,4,2,Kokoomus
51,4,2,5,4,5,2,5,2,2,4,4,1,5,4,4,5,2,4,5,2,1,4,4,5,5,2,4,5,2,4,Kokoomus
52,4,3,5,2,5,5,2,4,4,2,2,3,4,5,3,1,4,1,5,4,5,1,4,3,2,4,4,2,2,4,Muutos 2011
54,2,5,1,2,5,5,1,2,5,1,1,5,5,5,4,1,2,1,5,5,5,1,4,4,4,4,1,1,4,4,Muutos 2011
55,5,4,5,2,5,5,5,4,5,1,2,5,2,5,5,2,4,1,5,5,2,2,1,4,2,2,1,5,2,4,Perussuomalaiset
56,4,4,5,2,4,5,1,2,2,1,1,5,2,5,2,1,1,1,5,5,1,1,5,5,4,5,4,1,4,2,Perussuomalaiset
57,4,4,4,2,5,5,3,4,5,2,1,1,2,5,4,1,1,1,4,5,1,1,4,5,2,3,2,4,4,2,Perussuomalaiset
59,5,5,2,2,5,5,2,2,5,1,2,5,1,5,1,1,1,1,5,5,2,1,4,5,2,2,1,5,4,2,Perussuomalaiset
61,2,4,4,2,4,5,2,4,2,1,1,4,4,5,1,1,1,1,5,4,1,1,1,5,2,2,1,4,4,2,Perussuomalaiset
62,4,4,4,4,4,4,4,4,1,1,2,5,2,4,5,2,5,1,4,4,1,1,4,4,2,4,4,5,2,4,Perussuomalaiset
63,5,4,5,2,4,5,4,2,5,1,1,5,4,5,1,1,1,1,5,5,1,1,5,5,4,1,1,5,5,1,Perussuomalaiset
64,4,2,4,4,4,5,4,1,2,1,1,4,2,5,2,2,3,2,4,5,2,1,5,4,1,2,1,4,2,5,Perussuomalaiset
65,4,4,2,4,4,5,4,4,1,2,1,4,2,4,2,2,2,1,4,4,1,2,4,5,2,2,2,4,4,2,Perussuomalaiset
66,4,5,1,2,4,5,1,4,2,1,1,4,2,4,1,2,1,2,5,4,4,1,1,4,1,4,1,1,1,5,Perussuomalaiset
67,5,4,4,4,5,5,4,5,5,2,4,5,5,5,2,1,2,1,4,5,3,2,1,4,2,2,2,4,4,5,Perussuomalaiset
68,4,4,1,4,1,4,5,2,2,2,1,4,1,2,1,4,5,1,2,5,1,5,2,1,2,4,1,2,1,4,SDP
69,4,4,5,4,2,1,2,1,2,2,1,2,1,5,2,5,5,1,2,2,5,5,2,3,1,4,1,2,2,4,SDP
71,2,2,1,2,1,4,3,4,4,1,1,2,1,2,1,4,5,1,2,5,4,2,4,3,1,4,2,1,2,4,SDP
72,2,2,5,2,2,5,4,5,5,5,1,1,2,4,4,4,4,2,2,2,5,4,1,2,2,3,1,2,4,5,SDP
74,2,4,2,4,2,5,4,4,2,2,1,4,2,4,4,4,4,1,2,4,5,5,2,2,1,4,1,2,2,5,SDP
75,2,4,2,3,2,2,2,4,2,4,1,4,1,4,1,5,5,1,1,1,5,4,1,4,1,5,1,1,1,5,SDP
76,4,5,3,4,2,4,2,2,5,2,1,2,2,5,5,4,2,1,4,4,5,4,1,3,2,4,2,2,2,4,SDP
78,2,5,1,5,2,1,4,4,1,2,1,4,1,5,1,4,3,1,2,1,5,5,4,4,1,5,2,1,2,5,SDP
79,4,4,5,2,2,2,2,4,2,2,1,4,1,2,1,4,5,1,4,4,4,4,4,4,2,4,2,4,2,5,SDP
80,2,2,1,2,2,2,2,4,2,2,1,2,2,4,1,4,5,2,4,4,5,5,2,3,1,4,1,2,2,5,SDP
82,1,5,1,4,1,3,1,4,4,1,1,4,3,5,1,1,3,1,3,5,5,5,1,1,1,5,1,1,1,5,SKP
83,1,5,5,5,1,3,1,2,2,1,1,5,1,5,1,5,3,1,1,4,5,5,1,1,1,5,1,1,1,5,SKP
86,1,2,1,4,2,5,2,2,4,5,2,1,2,2,2,2,4,1,4,4,5,4,2,2,2,4,2,2,2,4,Vasemmistoliitto
87,2,5,1,4,1,1,1,2,2,1,1,5,1,4,4,2,5,1,2,2,5,5,2,2,1,5,1,1,1,5,Vasemmistoliitto
88,2,4,2,4,2,3,1,4,4,2,1,5,1,4,2,2,5,1,2,4,5,4,4,4,1,5,2,2,2,4,Vasemmistoliitto
90,1,5,1,5,1,1,2,4,3,2,1,4,1,4,1,2,5,1,1,2,5,5,2,1,1,5,1,1,1,5,Vasemmistoliitto
92,1,5,2,4,1,5,1,1,1,1,1,1,1,5,1,1,5,1,5,5,5,5,1,5,1,5,1,1,1,5,Vasemmistoliitto
93,1,4,3,4,2,3,2,3,4,1,2,2,2,4,3,2,5,1,3,3,4,4,2,2,1,4,2,2,2,4,Vasemmistoliitto
94,1,5,1,5,1,2,1,4,4,2,1,2,1,5,2,4,5,1,2,2,5,5,1,1,1,5,1,2,2,5,Vasemmistoliitto
95,2,5,2,4,4,2,1,4,3,1,1,4,1,5,2,4,3,1,4,4,4,3,2,4,1,4,1,4,2,4,Vasemmistoliitto
97,1,2,1,5,1,4,1,1,2,2,1,4,1,4,3,4,5,1,2,4,5,5,2,1,1,5,1,2,1,5,Vasemmistoliitto
98,4,4,1,4,4,4,1,3,4,4,4,1,2,4,1,4,5,1,4,1,5,4,4,2,2,4,1,4,1,5,Vihreät
99,2,2,1,5,2,1,2,4,4,4,2,2,2,4,5,5,4,5,4,1,5,5,2,2,4,2,1,2,1,5,Vihreät
100,2,4,1,4,2,5,2,2,4,2,1,4,2,2,4,5,5,1,4,2,5,5,2,2,2,4,1,2,1,5,Vihreät
101,2,2,1,4,2,5,1,1,4,4,1,2,1,2,4,5,4,1,2,1,5,4,1,1,2,4,1,2,1,5,Vihreät
102,4,4,1,5,2,1,4,4,2,2,4,2,1,4,1,5,5,2,4,1,5,5,2,2,4,2,1,2,1,5,Vihreät
103,4,4,1,4,3,2,4,3,3,4,3,4,4,3,3,4,3,2,3,2,4,4,3,3,4,4,2,4,1,4,Vihreät
104,5,4,1,4,2,2,4,5,2,4,1,4,2,5,1,4,5,2,4,1,5,5,2,3,2,4,1,2,1,5,Vihreät
105,4,4,1,4,4,2,2,4,4,2,1,4,2,4,4,4,3,2,2,2,5,4,2,2,2,4,2,2,1,5,Vihreät
106,2,5,1,4,2,4,1,4,4,4,1,4,1,2,4,4,4,1,1,2,5,4,1,1,1,4,1,2,2,5,Vihreät
107,2,2,1,4,1,4,2,5,5,1,1,4,2,1,5,2,2,1,2,1,5,5,2,1,4,5,1,2,1,5,Vihreät
109,4,2,1,4,2,5,2,2,2,4,2,1,2,2,2,4,5,3,4,1,5,5,4,2,2,4,2,4,1,5,Vihreät
110,4,1,3,4,4,3,4,4,5,2,2,1,4,4,4,4,3,4,4,1,2,2,2,4,3,3,3,4,4,3,Kristillisdemokraatit
111,4,4,3,4,5,4,4,4,1,1,4,5,2,4,2,4,1,2,5,2,1,5,4,5,3,4,1,4,2,5,Kristillisdemokraatit
113,4,3,4,4,2,4,2,4,2,2,4,4,4,5,5,2,1,3,4,2,1,2,4,5,2,3,2,2,3,4,Kristillisdemokraatit
114,4,2,2,4,4,2,4,2,2,2,4,2,4,3,4,2,2,2,4,4,1,4,4,5,4,2,2,3,2,4,Kristillisdemokraatit
115,2,4,4,2,4,2,4,4,2,4,4,2,2,2,4,4,5,3,5,4,1,4,4,5,2,4,2,2,3,4,Kristillisdemokraatit
116,4,2,1,2,4,3,2,2,2,4,1,4,2,2,2,4,1,2,5,4,1,4,2,4,2,4,2,4,2,4,Kristillisdemokraatit
117,4,2,1,4,4,4,3,4,2,1,2,4,2,5,2,4,4,2,2,4,1,4,1,4,2,4,1,2,2,4,Kristillisdemokraatit
118,4,1,3,3,4,3,2,4,2,1,4,5,3,4,3,2,1,1,5,3,1,3,4,5,3,2,4,4,2,4,Kristillisdemokraatit
119,5,4,4,2,5,2,4,2,1,2,4,2,2,4,4,2,1,2,4,2,1,4,4,5,4,2,4,4,4,4,Kristillisdemokraatit
120,2,4,1,4,2,1,1,1,1,1,1,4,1,5,1,5,1,1,4,2,5,5,1,5,1,5,1,1,1,5,Kristillisdemokraatit
121,4,2,2,2,5,2,4,2,2,2,4,4,4,2,2,3,4,4,5,4,1,2,5,5,4,2,2,4,3,4,Kristillisdemokraatit
122,4,2,4,4,4,3,4,2,3,2,4,4,4,2,5,3,2,4,5,2,2,4,2,4,2,2,2,4,2,4,Kristillisdemokraatit
123,5,4,4,4,4,5,2,2,2,1,1,4,4,4,4,2,4,4,5,2,1,4,4,5,2,2,2,4,2,2,Kristillisdemokraatit
124,5,1,1,4,4,1,4,4,4,2,5,1,4,2,5,4,1,4,4,1,2,4,2,4,4,2,4,4,2,5,Kristillisdemokraatit
125,2,5,2,4,5,1,4,4,1,2,1,4,5,4,1,3,1,3,5,4,1,4,1,5,4,4,1,2,2,4,Kristillisdemokraatit
126,4,4,1,5,2,5,1,4,2,1,1,4,2,5,5,5,4,1,1,1,3,5,1,4,1,4,1,1,1,5,Keskusta
127,2,4,1,5,2,4,2,4,4,1,4,5,4,4,4,5,4,1,4,1,5,5,2,3,2,4,1,2,2,5,Keskusta
128,4,1,1,4,5,4,4,3,5,4,4,2,2,2,5,3,4,1,2,1,5,5,2,4,2,2,4,5,4,5,Keskusta
129,2,2,1,4,2,1,2,2,4,2,1,4,2,4,2,5,2,1,4,1,5,5,4,4,2,4,2,4,1,5,Keskusta
132,4,2,1,4,4,2,4,3,5,1,1,4,4,2,4,4,2,2,4,2,5,5,2,2,2,2,2,4,2,4,Keskusta
133,4,2,4,2,4,2,4,4,2,1,2,4,2,2,2,4,2,2,4,2,3,4,2,4,4,2,2,4,2,4,Keskusta
135,4,2,2,2,4,2,4,4,2,1,1,4,4,4,2,4,2,2,4,2,5,4,4,4,2,2,4,2,2,4,Keskusta
136,2,4,2,2,4,4,2,2,4,2,2,4,4,2,2,4,2,2,4,4,2,4,4,5,4,4,2,4,1,5,Keskusta
137,5,5,5,2,3,4,4,5,3,2,1,5,4,2,5,5,3,1,5,1,5,5,2,4,4,2,1,2,4,4,Keskusta
138,4,4,1,4,2,2,2,2,2,2,1,4,2,2,2,4,2,2,2,1,2,5,2,4,2,4,4,2,2,4,Keskusta
140,4,2,2,5,4,4,2,4,5,1,4,4,4,2,4,5,2,2,4,2,5,4,1,4,4,2,2,4,2,4,Keskusta
142,4,1,4,4,2,2,5,4,2,4,2,1,5,4,1,4,1,4,4,4,2,1,2,4,5,1,2,5,4,2,Kokoomus
143,4,2,4,4,4,4,4,4,5,4,4,2,5,2,4,4,2,4,4,1,5,3,2,5,5,1,4,5,4,3,Kokoomus
144,4,2,2,4,4,1,2,2,5,4,2,1,2,4,5,5,1,4,5,1,5,4,2,2,2,2,4,4,2,5,Kokoomus
145,4,1,3,4,4,1,4,4,2,5,4,4,5,1,2,5,1,5,5,1,2,4,3,5,4,1,4,5,2,4,Kokoomus
146,4,2,4,4,4,4,2,2,4,4,2,2,4,2,4,4,1,4,2,2,4,2,4,4,4,2,4,4,3,4,Kokoomus
147,4,2,4,2,4,4,5,2,4,4,4,4,4,4,2,5,2,5,5,2,4,4,4,5,4,2,4,4,4,4,Kokoomus
148,4,2,4,2,3,3,4,2,4,2,2,2,4,2,4,4,1,4,4,4,2,2,2,5,4,2,2,4,2,2,Kokoomus
150,5,1,4,2,5,2,4,5,5,4,4,1,5,2,5,5,1,5,4,1,5,4,2,4,4,2,4,4,1,4,Kokoomus
151,4,2,2,4,4,4,4,4,5,4,4,2,4,2,2,4,2,4,5,2,5,4,4,4,4,2,4,4,2,4,Kokoomus
152,4,2,4,3,2,1,4,1,4,2,1,4,4,2,4,5,4,4,4,2,4,4,4,5,4,4,3,2,3,4,Kokoomus
153,5,1,5,2,5,4,5,2,5,4,4,2,5,4,5,5,1,5,5,4,2,1,4,4,4,1,5,5,3,4,Kokoomus
154,4,1,4,4,4,2,4,4,4,4,4,2,4,4,4,5,1,5,4,2,5,4,4,4,4,1,4,4,2,4,Kokoomus
157,5,1,4,4,4,2,5,2,5,5,4,1,4,4,5,5,1,5,4,1,5,4,2,4,4,1,4,4,2,4,Kokoomus
159,5,1,4,2,4,2,5,2,4,1,4,4,5,4,2,5,2,4,5,1,4,4,4,5,4,2,4,2,4,4,Kokoomus
160,4,4,4,1,5,5,4,5,5,2,4,4,2,4,2,1,5,1,5,5,2,4,5,4,2,4,2,1,4,2,Muutos 2011
161,5,4,4,4,4,4,4,2,2,2,2,4,4,4,2,2,4,2,4,4,2,1,4,2,2,4,2,4,2,4,Muutos 2011
162,2,2,4,3,4,5,1,4,5,1,1,1,3,5,5,5,4,2,2,1,5,4,1,5,4,4,1,2,2,5,Piraattipuolue
163,4,2,2,2,2,5,1,2,5,1,4,1,2,5,5,4,5,1,5,1,5,5,1,1,1,5,2,1,2,4,Piraattipuolue
164,1,4,1,5,1,5,1,4,5,1,1,4,1,4,5,4,5,1,2,1,5,5,1,1,1,5,4,1,2,4,Piraattipuolue
165,2,2,4,5,1,4,1,2,5,2,1,1,2,5,5,4,3,4,2,2,5,4,2,1,1,5,4,1,2,5,Piraattipuolue
166,4,2,4,4,5,5,1,4,5,3,3,1,4,4,4,4,5,5,4,2,5,2,2,4,4,3,4,2,2,4,Piraattipuolue
171,2,2,5,1,5,5,2,2,5,2,1,4,2,4,2,1,1,2,5,5,3,1,5,5,1,2,5,4,5,1,Perussuomalaiset
173,2,4,2,2,2,2,2,1,2,2,1,4,1,4,2,2,1,1,4,5,3,2,4,5,1,4,1,2,4,2,Perussuomalaiset
174,4,2,5,2,5,5,2,1,5,1,1,4,2,4,2,2,1,5,4,2,4,1,5,4,2,2,2,5,4,4,Perussuomalaiset
175,4,2,5,4,4,5,2,1,4,2,5,2,4,4,5,2,2,3,5,2,3,4,3,3,4,2,4,4,2,4,Perussuomalaiset
176,4,4,4,2,5,5,4,4,2,2,2,2,2,4,2,1,1,1,5,4,1,1,4,5,4,4,4,4,4,2,Perussuomalaiset
178,5,2,4,1,5,4,5,5,2,5,4,2,1,2,2,3,3,1,5,4,2,1,5,5,3,1,5,5,5,2,Perussuomalaiset
179,4,4,4,1,5,4,4,1,4,2,2,2,4,4,2,1,2,2,5,5,2,1,4,4,4,2,4,4,4,2,Perussuomalaiset
180,2,2,2,2,4,4,4,2,4,2,2,4,2,2,1,2,3,2,5,5,4,1,4,4,1,4,2,2,3,4,Perussuomalaiset
181,4,2,5,2,1,5,2,1,2,1,1,2,1,4,1,2,2,2,5,4,4,5,4,5,1,2,4,4,5,5,Perussuomalaiset
182,2,4,2,2,4,5,4,4,3,1,1,4,1,4,1,1,1,1,5,5,5,1,5,5,2,3,4,2,4,4,Perussuomalaiset
183,4,4,4,1,4,5,2,2,4,2,1,4,2,4,4,1,4,2,4,5,2,1,5,4,2,1,2,4,4,2,Perussuomalaiset
184,4,2,4,2,4,5,4,1,3,1,2,4,2,4,4,1,1,1,5,4,1,1,4,5,2,2,4,4,5,2,Perussuomalaiset
185,5,2,1,5,5,1,5,5,5,5,1,4,4,5,2,5,5,5,5,1,5,5,4,4,2,4,4,4,1,5,RKP
186,4,2,2,4,4,2,4,4,4,2,4,2,2,4,2,4,2,2,4,2,5,5,2,2,2,2,4,4,2,4,RKP
187,4,2,1,5,4,1,4,2,4,4,2,2,4,2,5,5,3,2,2,1,5,5,1,1,4,2,3,2,1,5,RKP
188,5,1,4,2,4,2,4,2,5,4,5,2,4,2,4,4,2,4,4,1,5,5,2,2,4,1,4,4,2,4,RKP
189,4,2,2,3,4,2,4,2,4,2,3,2,4,4,4,4,3,2,4,2,4,4,2,4,4,2,4,4,3,4,RKP
190,2,2,1,4,2,1,1,2,4,4,2,4,4,2,4,5,5,4,2,1,5,5,1,1,2,5,1,2,2,5,RKP
191,4,1,4,4,2,1,2,2,5,4,2,1,2,4,4,5,2,5,4,2,5,5,2,2,4,2,4,2,2,5,RKP
192,5,1,4,2,5,1,5,2,5,4,4,2,5,2,4,5,1,5,5,1,5,4,4,2,5,1,4,4,4,2,RKP
193,5,1,1,4,4,1,5,1,4,4,4,4,4,4,2,5,2,4,4,1,5,5,2,2,4,1,4,4,3,4,RKP
195,5,2,5,3,5,1,5,4,2,5,2,4,2,2,2,5,1,4,5,1,5,5,4,4,5,2,5,4,2,4,RKP
196,4,2,1,4,4,1,4,4,4,4,1,4,4,4,4,5,3,4,4,1,5,5,1,2,4,2,5,2,2,4,RKP
198,4,4,2,2,4,1,2,4,4,1,2,4,4,5,3,4,3,4,4,2,5,4,1,4,2,2,1,3,2,4,RKP
199,5,1,4,4,5,1,5,2,4,4,4,2,4,4,4,5,1,4,5,1,5,4,4,4,4,1,4,5,2,4,RKP
200,4,2,2,4,4,1,2,3,5,2,1,4,4,4,5,5,1,4,4,1,5,3,2,3,4,2,3,4,1,5,RKP
201,5,1,2,5,2,1,1,2,4,4,2,5,4,5,5,5,2,4,4,1,5,5,4,2,4,1,2,4,1,5,RKP
202,4,4,1,4,4,1,4,4,5,2,4,4,2,4,4,4,3,4,4,1,5,5,4,4,2,2,4,2,2,4,RKP
203,2,5,4,5,1,1,2,4,1,5,1,4,1,4,1,5,5,1,3,2,5,5,1,1,1,5,1,1,2,4,SDP
206,4,4,4,2,2,2,4,4,2,2,1,4,2,4,2,5,4,1,4,5,4,2,2,2,2,4,1,2,2,4,SDP
207,1,5,2,5,1,2,2,2,4,4,1,2,1,2,1,5,5,1,2,1,5,4,1,2,1,5,1,1,2,4,SDP
208,2,3,4,2,1,2,1,4,2,2,1,2,1,2,1,5,5,1,4,5,5,5,2,3,1,4,1,2,2,4,SDP
210,2,4,2,2,2,2,2,4,2,4,2,4,4,4,4,4,4,2,2,4,4,5,4,4,2,4,4,4,4,4,SDP
211,2,4,2,4,2,1,2,2,4,5,1,1,2,2,2,5,4,1,4,2,5,4,1,4,2,4,2,2,2,5,SDP
212,4,4,5,1,2,1,4,2,1,4,1,2,2,2,1,5,3,1,2,4,5,5,2,2,2,4,1,2,2,2,SDP
213,2,5,4,4,2,2,2,2,4,3,1,2,1,2,2,4,5,1,2,4,5,5,4,1,1,5,1,2,4,4,SDP
214,4,2,4,2,2,3,2,2,4,4,4,2,2,2,2,4,4,4,4,2,5,4,4,2,4,2,2,4,2,4,SDP
215,2,4,2,2,2,4,4,4,2,4,1,1,1,4,2,4,4,2,4,2,3,4,4,2,1,4,2,2,4,4,SDP
216,2,4,2,4,1,2,1,2,4,4,1,2,2,1,2,5,5,1,2,2,5,5,1,1,1,4,2,2,2,4,SDP
217,2,4,2,4,1,2,2,2,5,4,1,4,1,2,1,5,2,1,4,1,5,4,4,1,2,5,1,2,2,5,SDP
218,2,4,1,4,1,1,2,2,2,4,1,2,1,2,4,4,5,2,2,2,5,5,2,1,1,5,1,2,2,4,SDP
219,2,4,2,2,4,3,4,1,5,5,1,2,2,3,2,2,5,2,3,4,4,3,4,4,1,3,2,4,3,4,SDP
220,2,4,1,4,1,1,3,4,2,4,1,2,1,4,2,5,5,1,3,4,5,5,1,1,1,3,1,2,1,5,SDP
221,2,5,2,2,1,2,2,1,4,4,1,4,1,4,1,5,5,1,2,4,5,5,1,1,1,4,1,2,3,4,SDP
222,4,2,2,4,2,4,2,4,2,5,1,2,1,5,2,5,5,3,3,2,5,5,1,1,2,3,2,1,1,5,SDP
224,2,5,5,4,1,4,1,4,4,5,1,1,1,4,2,5,5,1,2,1,5,5,4,2,1,5,2,1,2,4,SDP
225,2,5,2,4,2,5,2,4,1,2,1,3,2,4,4,3,3,2,4,2,4,5,2,5,1,5,1,2,1,4,SDP
226,1,4,1,4,1,4,1,2,5,2,1,2,1,4,2,4,2,1,2,1,5,5,2,1,1,4,2,1,1,5,SKP
227,1,5,1,5,1,1,1,1,1,1,1,5,1,5,1,1,5,1,1,3,5,5,1,2,1,5,1,1,1,5,SKP
229,1,5,1,5,1,1,2,2,4,1,1,4,1,5,1,1,2,1,2,4,5,1,4,2,1,4,4,1,1,5,SKP
230,1,5,1,4,1,1,1,1,1,1,1,5,1,5,2,1,5,1,1,2,5,5,1,1,1,4,1,1,1,5,SKP
231,1,4,1,5,1,2,1,4,4,1,1,2,1,4,2,2,5,1,1,1,5,5,2,1,1,5,1,1,1,5,SKP
232,1,5,1,4,1,1,1,5,5,1,1,4,1,5,2,1,5,1,1,1,5,5,1,1,1,4,1,1,2,5,SKP
235,2,2,1,5,2,2,1,2,1,4,1,2,1,4,1,4,5,1,4,2,5,5,4,1,1,4,1,2,2,5,Vasemmistoliitto
236,2,4,2,4,1,4,2,5,2,4,1,4,1,4,2,2,5,1,2,3,5,5,1,1,1,5,1,1,1,5,Vasemmistoliitto
238,1,5,4,4,1,4,1,2,4,2,1,4,1,5,1,1,5,1,4,4,4,4,2,1,1,5,1,1,4,4,Vasemmistoliitto
239,1,4,1,5,1,1,1,1,4,2,1,2,1,4,2,4,5,1,2,1,5,5,1,1,1,5,1,1,1,5,Vasemmistoliitto
240,1,4,1,5,1,2,1,2,2,2,1,4,1,4,2,2,5,1,1,2,5,5,1,1,1,5,1,1,1,5,Vasemmistoliitto
241,1,5,1,5,1,4,1,1,2,1,1,4,1,5,4,2,5,1,1,1,5,5,1,1,1,5,1,1,1,5,Vasemmistoliitto
242,2,5,1,4,1,2,2,4,3,1,1,4,1,4,3,2,5,1,2,2,5,4,2,1,1,5,1,2,2,5,Vasemmistoliitto
243,1,4,1,5,1,4,1,1,4,2,1,2,1,2,2,2,5,1,1,1,5,5,1,1,1,5,1,1,1,5,Vasemmistoliitto
244,1,5,1,4,1,2,1,2,4,2,1,2,1,2,2,2,5,1,1,1,5,5,1,1,1,5,1,1,1,5,Vasemmistoliitto
245,1,2,1,4,1,4,1,3,4,2,1,1,1,5,3,3,5,1,1,1,5,5,1,1,1,5,1,1,1,5,Vasemmistoliitto
246,1,5,1,4,1,4,1,2,3,2,1,3,1,5,3,3,5,1,2,2,5,5,1,1,1,5,1,1,1,5,Vasemmistoliitto
247,1,4,1,4,1,2,1,4,3,2,1,2,1,5,2,4,5,1,2,2,5,5,1,1,1,5,1,1,2,5,Vasemmistoliitto
248,1,5,1,4,1,2,1,2,2,2,1,4,1,2,2,4,5,1,2,2,5,5,2,3,1,5,1,2,1,5,Vasemmistoliitto
250,1,2,1,4,1,4,1,2,4,1,1,5,1,5,2,2,5,1,2,4,5,4,4,2,1,4,1,1,2,5,Vasemmistoliitto
251,1,5,1,5,1,2,1,4,3,1,1,5,1,5,1,2,5,1,2,2,5,5,3,2,1,4,1,1,1,5,Vasemmistoliitto
252,1,4,1,4,5,2,5,1,2,2,1,4,1,4,2,1,5,1,2,1,5,5,1,1,1,4,1,1,2,5,Vasemmistoliitto
253,1,4,1,5,1,2,1,4,2,2,1,4,1,4,2,2,5,1,1,2,5,4,2,2,1,5,1,1,1,5,Vasemmistoliitto
254,2,4,1,5,2,4,1,4,4,2,1,2,1,4,4,4,5,1,1,1,5,5,1,1,2,4,1,2,1,5,Vihreät
255,3,2,2,5,3,4,2,2,5,5,2,1,2,1,5,5,3,5,2,1,5,5,1,1,4,3,2,4,1,5,Vihreät
256,1,5,1,5,1,4,2,2,5,2,1,2,1,1,4,5,5,1,1,1,5,5,1,1,1,5,1,1,1,5,Vihreät
257,2,4,1,5,1,4,1,1,4,2,1,1,1,1,4,5,5,1,1,1,5,5,1,1,1,5,1,1,1,5,Vihreät
258,2,5,2,4,2,4,1,4,5,4,1,2,2,2,5,5,4,4,1,1,5,5,1,1,4,5,2,1,1,5,Vihreät
259,2,4,1,5,1,2,1,2,4,2,1,2,1,4,4,5,5,1,2,1,5,5,1,1,1,5,1,1,1,5,Vihreät
260,2,4,1,4,2,2,2,2,4,5,1,2,1,2,4,4,4,2,4,1,5,5,1,1,2,4,1,2,1,5,Vihreät
261,2,4,1,4,1,2,2,5,2,4,2,2,1,2,3,5,4,1,2,1,5,5,2,1,1,4,1,2,1,5,Vihreät
262,4,2,2,5,4,4,1,1,5,4,2,1,4,4,5,5,4,2,4,1,5,5,2,2,4,3,2,4,1,5,Vihreät
263,1,4,1,5,2,5,1,4,5,2,1,2,2,1,4,4,5,1,1,1,5,5,1,1,1,5,1,1,1,5,Vihreät
264,1,5,1,5,2,1,1,4,2,2,1,2,1,4,2,5,5,1,5,2,5,5,2,1,1,5,1,1,1,5,Vihreät
265,4,4,1,4,2,2,4,2,5,4,2,4,4,2,2,5,5,2,2,2,5,5,2,2,4,4,2,2,1,5,Vihreät
266,2,2,1,4,2,4,2,2,5,4,2,1,2,4,4,5,4,3,4,1,5,5,2,1,2,2,2,4,1,5,Vihreät
267,2,2,1,4,2,1,2,2,5,4,1,2,1,2,4,5,4,1,1,1,5,5,1,2,1,5,1,4,1,5,Vihreät
268,2,3,3,4,4,4,3,3,5,4,3,1,4,3,5,2,2,5,3,1,5,3,2,1,4,4,3,4,2,4,Vihreät
269,4,4,2,2,4,4,2,4,2,2,2,4,2,4,2,4,1,1,4,2,1,5,2,5,1,4,1,4,2,4,Kristillisdemokraatit
274,4,4,4,2,4,4,4,4,1,2,1,5,4,5,2,2,1,1,4,4,1,5,5,5,4,4,1,4,1,5,Kristillisdemokraatit
275,4,2,1,2,2,2,2,4,1,2,2,4,4,4,1,4,4,2,5,2,2,5,1,4,2,2,2,2,2,4,Kristillisdemokraatit
276,4,4,1,4,2,2,3,4,1,1,1,5,1,5,2,4,2,2,5,2,1,5,1,5,1,5,1,2,1,5,Kristillisdemokraatit
277,5,4,5,2,5,4,2,4,1,2,1,5,4,2,2,4,5,1,5,4,1,5,4,5,2,2,4,5,2,4,Kristillisdemokraatit
278,4,5,4,5,5,2,2,2,2,2,2,5,4,4,2,4,2,2,5,4,1,4,4,5,4,2,2,4,2,4,Kristillisdemokraatit
279,5,4,1,2,5,2,2,2,1,2,1,2,2,1,5,1,1,1,1,1,1,1,5,5,5,3,1,5,2,4,Kristillisdemokraatit
282,5,2,4,2,4,2,4,2,2,2,2,5,2,4,4,4,2,4,4,4,1,4,2,5,2,2,4,5,4,2,Kristillisdemokraatit
283,4,2,2,2,4,4,2,4,4,1,4,5,4,2,2,4,1,2,4,1,5,4,2,2,2,2,4,4,2,5,Keskusta
286,4,2,1,5,5,4,5,4,2,1,2,5,4,4,1,4,4,1,5,2,1,4,4,5,2,2,4,2,2,2,Keskusta
287,4,4,4,2,4,4,5,2,5,1,4,5,2,5,4,4,2,3,5,5,1,1,5,5,4,1,2,4,4,1,Keskusta
288,4,4,3,2,4,3,4,4,3,1,3,4,4,3,1,4,2,2,5,3,3,3,3,4,3,4,2,3,4,4,Keskusta
289,4,2,2,4,2,2,4,4,4,2,4,4,2,2,4,4,4,2,4,2,4,4,2,4,2,4,2,4,4,4,Keskusta
290,4,4,4,5,5,2,4,4,2,1,2,5,4,4,1,4,1,2,5,4,4,2,4,5,2,2,2,4,1,4,Keskusta
291,4,2,2,4,4,4,4,1,2,2,2,4,5,2,2,5,2,3,4,2,4,4,4,2,4,2,2,4,2,4,Keskusta
293,4,2,2,4,4,4,2,4,5,1,2,4,4,4,4,4,1,1,4,2,5,4,2,2,3,2,4,4,2,4,Keskusta
295,4,4,1,4,4,2,4,5,4,1,1,5,1,2,4,5,1,1,5,1,5,2,1,4,2,4,2,5,1,4,Keskusta
296,2,4,2,4,2,4,4,2,5,1,1,4,2,4,2,4,1,2,5,5,2,3,4,5,2,4,1,2,2,4,Keskusta
297,4,5,2,5,4,5,4,2,5,1,1,5,2,5,5,5,2,1,5,5,1,1,5,5,1,5,1,1,5,2,Keskusta
299,2,4,4,4,5,4,5,2,2,2,1,4,2,4,2,4,4,2,5,2,4,5,1,4,4,4,4,2,2,4,Keskusta
300,5,5,5,2,5,5,5,2,5,5,1,4,1,4,2,4,3,4,4,4,5,2,5,5,2,1,1,5,4,2,Kokoomus
302,5,1,4,4,5,5,5,4,5,2,2,2,5,2,2,5,1,5,5,2,5,4,2,5,4,2,5,5,2,5,Kokoomus
303,5,1,4,2,4,4,4,2,4,4,4,2,5,2,2,5,2,5,5,1,4,4,2,5,5,2,4,2,2,4,Kokoomus
304,5,2,2,2,4,5,4,2,5,2,4,2,4,2,2,4,2,4,4,2,4,4,5,2,2,2,2,4,2,4,Kokoomus
305,4,4,4,4,5,5,4,4,5,2,4,4,5,4,4,5,1,4,4,2,5,5,4,4,5,2,4,4,2,4,Kokoomus
306,4,2,4,2,4,4,4,2,4,2,4,4,5,2,2,5,2,4,5,2,4,5,3,4,5,2,4,4,3,4,Kokoomus
307,5,2,2,4,4,4,5,4,5,5,4,4,4,2,4,5,2,4,4,2,2,4,4,5,4,2,4,2,4,4,Kokoomus
310,4,1,4,2,5,2,5,2,4,4,2,2,5,4,2,5,1,4,5,4,2,2,4,4,4,1,5,5,2,4,Kokoomus
311,4,1,4,4,5,2,4,4,4,4,2,2,5,2,4,5,1,5,5,1,5,4,3,4,4,2,2,4,2,4,Kokoomus
312,5,2,4,4,5,4,4,2,4,5,2,2,2,4,1,5,2,5,4,2,5,3,2,5,4,1,4,4,4,4,Kokoomus
314,5,1,5,4,5,2,4,4,5,5,4,1,4,2,4,5,1,4,5,1,4,5,2,4,4,1,4,5,2,2,Kokoomus
315,5,1,2,4,4,2,5,4,5,5,4,2,4,1,3,5,2,4,4,2,4,5,4,5,5,2,2,4,4,4,Kokoomus
316,4,2,4,2,5,2,4,1,2,2,2,4,5,4,2,5,2,5,5,1,5,5,2,5,4,1,4,4,2,4,Kokoomus
317,5,1,2,2,5,5,4,5,5,2,4,3,3,3,5,4,2,2,5,5,4,1,4,5,4,2,5,3,2,4,Muutos 2011
318,1,5,1,4,5,5,1,2,1,1,1,5,1,5,5,1,4,1,2,5,1,1,1,4,1,5,1,1,1,5,Muutos 2011
319,5,2,5,3,5,5,3,5,5,2,4,4,1,5,5,4,1,1,5,5,5,2,4,1,2,3,1,5,2,5,Piraattipuolue
320,2,1,5,3,4,5,1,2,5,1,1,3,3,3,3,2,3,3,4,3,3,1,5,2,2,4,3,3,4,3,Piraattipuolue
322,4,4,1,2,5,5,1,3,5,4,4,4,2,2,4,5,4,3,4,4,4,4,4,4,2,2,2,5,1,5,Piraattipuolue
324,4,4,4,2,5,5,4,4,5,2,4,5,3,4,2,1,2,2,5,5,1,1,4,4,2,2,4,4,4,4,Perussuomalaiset
325,5,2,5,1,4,5,4,2,5,1,1,4,1,5,2,2,1,5,5,5,1,1,5,5,2,1,1,4,4,2,Perussuomalaiset
327,4,2,5,2,4,3,2,2,4,2,1,2,4,4,4,4,1,2,4,5,1,1,4,4,4,3,4,2,1,4,Perussuomalaiset
329,4,2,5,4,5,5,4,2,2,2,1,5,1,2,2,2,1,1,5,4,2,1,4,4,1,3,1,2,3,2,Perussuomalaiset
330,4,4,2,2,4,5,2,2,5,2,1,4,1,4,2,1,2,2,5,5,2,2,4,5,2,4,2,4,4,2,Perussuomalaiset
331,4,5,4,2,4,5,1,4,2,2,1,5,2,4,4,1,2,2,5,5,1,1,4,4,4,4,1,2,4,4,Perussuomalaiset
332,2,4,3,1,2,5,2,1,5,1,1,4,3,4,5,2,3,1,5,5,4,1,5,5,1,5,1,5,5,5,Perussuomalaiset
334,4,4,2,4,2,5,2,2,2,1,1,4,4,4,3,4,2,2,5,4,1,1,4,4,2,2,2,4,2,4,Perussuomalaiset
335,5,4,5,4,5,3,4,3,4,4,4,5,4,3,2,3,4,2,4,4,3,2,4,5,4,4,2,4,3,4,Perussuomalaiset
336,4,2,5,2,5,4,4,2,4,1,1,4,4,4,2,1,1,4,5,5,1,1,5,5,2,2,4,4,2,4,Perussuomalaiset
337,4,3,2,4,4,4,4,2,1,1,2,5,1,5,1,1,3,3,4,5,1,2,3,5,2,3,2,3,2,5,Perussuomalaiset
340,4,5,2,4,1,1,1,5,2,2,1,4,1,2,2,5,5,1,4,5,5,5,1,4,1,4,1,2,1,5,SDP
341,1,4,1,4,1,1,1,1,5,1,2,5,1,5,1,5,5,1,1,4,5,1,5,2,2,4,1,4,1,5,SDP
343,2,2,4,4,4,4,2,2,4,2,1,4,2,5,4,4,2,1,4,2,2,2,4,4,2,4,2,4,1,2,SDP
344,2,5,3,2,1,4,1,2,2,2,1,4,1,4,1,3,5,1,3,4,5,4,3,2,1,4,1,2,2,4,SDP
345,2,4,2,4,1,2,4,4,5,4,1,4,1,2,1,4,4,1,5,1,5,4,4,1,1,4,1,2,2,4,SDP
349,2,5,4,2,1,2,2,4,4,2,1,4,2,4,1,4,5,1,4,5,4,5,4,4,1,5,1,2,4,4,SDP
351,4,4,1,4,4,1,4,4,2,4,1,4,2,4,1,5,5,1,2,2,5,4,4,2,2,4,1,2,2,4,SDP
352,4,4,5,4,2,2,4,4,2,2,2,4,1,2,4,4,5,1,2,5,5,4,1,2,2,4,1,2,2,4,SDP
353,2,5,2,4,1,5,2,2,5,2,1,5,1,2,1,4,4,2,4,5,4,1,5,5,1,5,5,1,1,4,SDP
355,2,4,1,4,2,2,2,5,2,2,1,5,1,4,2,4,5,2,2,5,4,4,2,2,2,4,1,2,2,4,SDP
356,4,5,4,5,1,1,1,2,1,5,1,2,1,1,1,5,5,2,5,2,5,5,4,4,1,5,1,1,5,2,SDP
357,4,4,4,2,2,1,2,4,2,2,2,2,1,4,4,5,4,1,5,4,4,4,4,4,2,4,1,1,4,4,SDP
360,1,4,1,4,1,4,1,4,5,2,1,4,1,2,1,4,5,1,2,2,5,4,4,1,1,4,1,1,2,5,Vasemmistoliitto
363,2,5,1,5,1,4,1,4,3,1,1,3,1,4,2,2,5,1,4,4,5,3,2,1,1,5,1,1,1,5,Vasemmistoliitto
364,2,4,1,5,1,2,1,4,2,4,1,4,1,4,4,2,5,1,1,4,5,5,1,1,1,5,1,2,1,5,Vasemmistoliitto
365,1,4,1,4,1,1,2,2,4,1,1,5,1,1,4,4,5,1,2,2,5,5,1,2,1,4,1,1,1,5,Vasemmistoliitto
366,1,4,1,4,1,2,2,2,3,2,1,2,1,2,4,4,5,1,3,1,5,5,1,1,1,4,1,1,1,5,Vasemmistoliitto
367,1,4,1,5,2,2,1,2,1,1,1,5,1,5,1,4,5,1,4,4,5,4,1,2,1,5,1,2,1,5,Vasemmistoliitto
368,2,4,2,4,1,4,2,2,2,1,2,5,2,4,2,2,4,1,2,4,4,4,2,4,1,4,2,2,2,4,Vasemmistoliitto
369,2,5,2,4,2,4,2,3,5,1,1,5,2,4,2,2,3,1,2,4,5,5,4,2,1,4,1,1,2,4,Vasemmistoliitto
370,1,4,1,2,1,1,2,4,1,1,1,4,1,4,2,3,3,1,2,2,5,5,4,4,1,5,1,2,2,5,Vasemmistoliitto
371,1,2,1,5,1,1,1,1,4,2,1,4,1,4,3,4,5,1,2,1,5,5,1,1,1,5,1,1,1,5,Vasemmistoliitto
373,2,5,1,4,1,2,1,2,1,2,1,4,1,4,2,2,3,1,2,2,5,5,2,1,1,5,2,1,2,4,Vasemmistoliitto
374,1,5,1,5,1,2,1,4,4,2,1,2,1,2,4,4,5,1,1,1,5,5,1,1,1,5,1,1,1,5,Vihreät
375,4,2,1,5,4,2,2,2,5,4,1,1,2,2,2,4,4,2,2,2,5,5,4,2,2,4,2,4,5,5,Vihreät
376,4,2,1,5,4,4,2,4,4,2,4,4,2,2,3,4,4,2,2,2,5,4,1,2,4,2,2,4,1,5,Vihreät
377,2,2,2,4,2,5,1,2,4,1,2,2,1,2,5,5,4,2,5,1,5,4,1,2,2,4,1,4,1,5,Vihreät
378,2,2,2,4,2,2,2,2,3,1,1,5,2,2,1,5,4,1,4,2,5,4,2,2,4,4,2,2,1,5,Vihreät
379,2,4,1,4,1,2,4,4,4,2,1,4,1,4,1,5,5,1,2,1,5,5,4,5,2,4,2,4,1,5,Vihreät
380,5,2,1,2,2,2,5,5,5,5,1,2,1,5,2,5,1,3,1,2,5,4,5,2,2,2,2,4,1,5,Vihreät
382,4,2,1,1,1,2,2,5,1,4,1,5,1,1,1,5,1,1,2,5,5,5,2,2,1,4,2,2,1,5,Vihreät
384,2,4,2,5,2,5,2,1,5,4,2,2,1,2,4,5,5,1,2,2,5,5,2,1,2,4,2,2,1,4,Vihreät
385,2,2,1,4,2,4,2,4,3,2,1,4,2,4,2,4,1,1,2,4,5,4,2,2,2,4,2,2,2,4,Vihreät
388,4,4,4,2,5,4,5,5,1,2,2,5,4,5,4,4,4,3,4,5,1,4,5,5,4,4,2,2,4,5,Kristillisdemokraatit
389,5,4,1,2,5,1,5,5,1,1,4,4,4,5,4,1,5,2,5,5,1,4,5,5,4,2,4,5,4,4,Kristillisdemokraatit
390,2,2,2,2,4,4,1,5,2,1,2,4,1,2,5,4,4,1,2,4,2,4,1,4,2,4,1,4,1,4,Kristillisdemokraatit
392,4,2,2,1,4,5,4,5,1,1,1,5,2,5,5,1,1,1,5,4,1,4,5,5,2,5,1,4,2,4,Kristillisdemokraatit
393,5,4,1,5,5,2,2,4,1,1,2,5,1,5,1,2,5,2,4,5,1,1,5,5,1,2,2,4,2,4,Kristillisdemokraatit
395,5,2,5,2,5,2,1,2,1,2,1,5,4,4,1,4,1,1,5,4,1,4,5,5,4,2,2,4,5,4,Kristillisdemokraatit
397,5,5,4,1,5,1,4,4,1,1,4,1,4,5,2,1,4,2,5,4,1,5,1,5,4,5,2,4,4,4,Kristillisdemokraatit
399,2,2,1,4,2,4,2,2,5,1,4,5,4,2,3,2,1,1,5,4,5,3,1,5,4,2,1,2,3,4,Keskusta
400,4,5,2,4,2,2,4,4,1,1,1,5,2,5,1,4,3,1,2,4,4,1,5,5,2,2,2,4,5,4,Keskusta
401,4,2,4,2,4,4,4,4,4,2,4,2,4,2,4,4,3,2,4,2,4,4,2,4,4,2,2,4,2,4,Keskusta
402,4,4,1,2,4,4,4,4,4,2,4,4,4,2,2,4,4,2,4,2,4,4,4,4,4,2,2,4,4,4,Keskusta
403,4,2,4,1,5,5,4,2,5,2,4,5,5,2,4,4,3,2,5,4,2,3,4,5,5,1,4,5,5,4,Keskusta
404,4,4,1,2,4,4,4,5,1,1,4,5,2,2,4,4,2,1,5,4,1,2,5,4,1,1,1,4,1,2,Keskusta
405,4,4,4,2,4,4,4,2,3,2,2,4,2,4,4,3,2,2,4,4,4,3,2,4,2,2,2,4,3,4,Keskusta
406,4,4,5,2,4,4,4,4,2,2,4,4,4,4,4,4,2,2,4,4,4,4,2,5,4,4,4,4,2,4,Keskusta
410,2,4,1,2,2,2,2,4,4,1,2,4,4,4,2,4,2,1,5,2,2,5,2,2,2,4,1,4,2,5,Keskusta
412,5,2,4,2,4,4,2,4,3,2,2,4,2,4,2,4,1,3,4,2,2,4,2,5,4,2,4,4,2,2,Keskusta
413,5,2,5,4,4,2,2,2,2,4,2,4,4,4,2,5,1,5,5,2,4,4,4,5,4,2,4,5,4,5,Kokoomus
414,5,2,2,5,4,4,4,2,5,4,4,1,4,4,5,5,5,2,4,2,5,5,5,5,4,2,4,4,2,5,Kokoomus
416,5,3,4,5,5,4,5,4,5,4,4,2,5,4,4,5,2,4,4,2,5,4,2,4,4,4,2,4,2,5,Kokoomus
418,4,2,4,2,5,2,5,2,4,1,4,5,4,4,4,4,1,4,5,2,1,2,4,5,4,2,2,4,3,4,Kokoomus
420,5,2,2,4,4,2,4,1,5,5,4,2,5,5,4,5,2,4,5,2,5,3,4,2,5,1,4,4,2,4,Kokoomus
423,4,2,4,2,4,4,4,2,4,2,2,2,4,2,4,5,1,4,5,4,2,4,4,4,4,2,4,4,4,4,Kokoomus
424,5,4,5,2,5,4,4,5,2,4,4,2,4,4,2,4,2,5,4,2,5,4,4,5,4,2,4,5,4,4,Kokoomus
425,4,2,4,2,4,4,4,2,4,3,4,2,4,2,2,4,1,4,4,2,4,4,4,4,4,2,4,4,4,4,Kokoomus
426,5,1,2,5,5,2,5,4,2,1,1,2,5,2,2,5,1,2,4,5,2,4,2,4,5,1,5,4,4,1,Kokoomus
427,2,3,5,4,4,5,2,3,5,2,3,3,3,3,5,3,5,2,2,3,5,2,3,3,3,3,2,2,2,5,Muutos 2011
429,4,4,4,4,5,5,1,5,5,3,3,1,2,5,5,5,2,1,2,2,5,3,2,1,3,3,5,3,1,4,Piraattipuolue
430,4,2,4,4,3,5,1,3,5,2,2,2,3,4,5,4,2,1,2,1,5,5,1,2,4,3,2,4,1,4,Piraattipuolue
431,4,2,5,5,4,5,1,2,5,2,4,1,5,4,5,4,1,4,1,1,5,4,1,1,5,2,4,4,2,5,Piraattipuolue
432,2,2,4,4,4,5,1,3,5,1,1,2,3,5,5,2,3,1,3,1,5,5,2,1,2,3,2,4,1,4,Piraattipuolue
433,2,2,5,5,2,5,1,3,5,1,4,2,3,3,5,4,4,4,3,2,5,4,2,1,2,3,2,1,2,4,Piraattipuolue
434,4,1,5,4,5,5,1,3,5,4,4,1,3,4,5,4,2,4,4,2,5,3,1,1,4,1,5,4,2,4,Piraattipuolue
435,2,1,5,3,2,5,1,2,5,2,1,2,5,3,5,4,3,3,1,1,5,3,1,1,4,4,3,1,3,4,Piraattipuolue
437,4,4,4,4,4,5,5,4,2,2,4,5,5,4,2,2,1,1,5,4,1,1,5,5,2,2,4,5,4,5,Perussuomalaiset
438,2,4,3,2,4,4,2,4,5,1,2,5,3,4,2,2,3,2,4,4,2,1,4,4,4,4,3,4,4,2,Perussuomalaiset
442,5,5,4,4,2,5,2,4,5,1,1,5,4,4,1,1,1,1,5,5,2,1,5,5,1,2,1,4,4,4,Perussuomalaiset
443,4,2,4,2,5,5,4,2,4,2,1,4,5,5,4,2,3,1,5,2,2,2,3,4,4,2,4,4,4,4,Perussuomalaiset
444,4,4,5,2,4,4,2,4,3,4,4,5,2,4,2,1,1,2,5,5,3,2,4,3,4,4,1,2,4,2,Perussuomalaiset
445,4,4,4,2,4,5,4,4,2,2,5,2,4,2,2,4,4,2,4,2,3,4,2,4,2,2,4,4,4,4,Perussuomalaiset
447,2,4,4,4,2,4,2,2,4,2,1,2,2,2,2,4,4,2,2,4,4,4,4,2,2,4,2,2,2,4,SDP
448,2,2,2,4,2,1,2,4,2,1,1,5,4,5,4,3,3,1,4,2,5,4,2,2,2,4,1,2,2,4,SDP
450,4,4,4,2,4,5,4,4,4,1,1,4,2,5,4,2,2,1,2,4,2,4,4,2,1,2,2,4,4,4,SDP
452,2,5,2,2,2,2,1,2,2,1,1,2,1,2,4,2,5,1,5,4,5,4,4,2,1,4,1,2,2,4,SDP
453,4,4,4,4,2,1,2,2,1,1,1,4,2,1,2,5,5,1,5,4,5,5,1,4,1,5,1,2,2,5,SDP
455,4,4,5,2,5,4,2,4,5,1,1,5,4,5,1,5,2,2,5,5,5,2,4,4,2,4,1,5,4,4,SDP
456,2,4,2,4,4,4,2,2,2,2,1,5,2,5,4,4,4,2,5,4,2,2,2,4,1,4,4,2,2,5,SDP
459,2,4,1,4,1,5,2,4,5,2,1,5,1,5,4,2,3,1,1,4,5,4,4,2,1,5,2,1,2,4,SKP
460,1,5,1,5,2,4,1,1,5,1,1,4,2,5,4,5,4,1,1,4,5,4,4,2,1,4,1,2,4,4,SKP
461,1,5,1,4,1,2,1,2,1,1,1,5,1,5,2,1,5,1,1,2,5,5,1,1,1,4,1,1,1,5,SKP
462,1,5,1,4,1,2,1,4,2,1,1,4,1,5,4,1,5,5,1,2,5,5,2,4,1,5,1,1,1,5,SKP
463,1,5,1,5,1,4,1,4,1,1,1,5,1,5,5,5,5,1,1,1,5,5,1,1,1,5,1,1,1,5,SKP
464,2,2,1,4,1,2,2,1,2,4,1,3,1,5,3,1,3,1,3,1,5,5,5,5,1,3,1,1,1,5,SKP
465,1,5,1,4,1,4,1,1,5,1,1,5,1,5,1,1,4,1,4,2,5,5,4,2,1,5,1,1,1,5,SKP
468,1,4,1,4,1,2,1,2,4,1,1,4,1,3,1,4,5,1,2,2,5,5,1,2,1,5,1,1,2,5,Vasemmistoliitto
469,1,4,1,5,1,2,1,4,4,2,1,2,1,2,1,4,5,1,1,2,5,5,1,1,1,5,1,1,1,5,Vasemmistoliitto
471,1,4,4,5,1,4,1,4,5,3,1,4,1,2,2,5,5,1,1,2,5,5,1,2,1,5,1,1,1,5,Vasemmistoliitto
472,1,5,1,4,1,4,1,5,4,2,1,2,1,2,2,4,5,1,1,1,5,5,1,1,1,5,1,1,1,5,Vasemmistoliitto
473,1,5,1,4,1,1,4,2,1,1,1,4,2,1,1,4,3,1,2,2,5,5,4,2,1,5,1,2,1,5,Vasemmistoliitto
474,1,2,1,2,1,4,2,3,4,2,1,4,1,4,1,4,3,1,2,3,5,5,1,1,1,5,1,1,2,4,Vasemmistoliitto
475,2,4,4,4,2,5,2,1,5,1,1,5,1,5,4,4,5,1,2,1,4,4,4,2,1,4,1,1,1,4,Vasemmistoliitto
476,1,4,2,2,1,2,2,2,3,2,1,4,1,4,2,4,5,1,2,2,5,4,2,3,1,5,2,2,2,4,Vasemmistoliitto
477,1,5,1,4,1,2,1,2,4,1,1,4,2,2,2,4,5,1,2,1,5,4,1,1,1,4,1,1,2,4,Vasemmistoliitto
478,1,2,1,4,1,4,1,1,4,2,1,4,1,2,2,5,5,2,2,4,5,5,1,3,2,4,1,2,1,5,Vihreät
479,2,4,1,5,2,2,4,4,4,4,1,4,2,4,4,5,5,2,1,1,5,5,1,1,4,5,2,2,1,5,Vihreät
480,2,2,1,4,2,4,4,5,2,1,4,5,2,4,4,4,3,1,4,2,5,5,1,3,1,4,1,4,1,5,Vihreät
482,4,4,1,4,1,4,2,4,2,2,1,4,1,4,4,4,2,2,5,2,5,4,1,2,1,4,1,2,2,5,Vihreät
483,2,2,1,5,2,4,1,2,2,2,2,4,2,4,3,5,4,1,2,2,5,5,2,4,2,4,2,4,1,5,Vihreät
484,2,4,1,5,2,4,2,2,4,1,2,4,1,2,2,4,4,1,2,2,5,5,4,2,4,4,2,4,1,5,Vihreät
486,4,4,1,4,2,5,1,5,2,4,1,2,1,2,1,4,4,1,4,1,5,4,1,2,2,5,1,2,1,5,Vihreät
487,2,2,1,5,3,5,1,2,1,1,4,5,3,4,3,3,3,1,2,3,5,4,4,2,4,5,4,1,2,5,Vihreät
488,5,2,1,2,5,5,2,5,5,1,1,2,4,4,1,5,3,2,2,2,5,5,1,3,5,1,2,4,4,2,Vihreät
492,5,4,1,5,5,4,4,4,2,2,5,5,4,2,4,4,1,1,5,1,1,4,4,5,4,4,2,4,2,5,Kristillisdemokraatit
493,4,4,1,2,4,1,2,1,2,1,4,4,4,4,2,4,2,1,4,4,5,4,1,4,2,4,2,4,4,2,Keskusta
494,4,4,2,2,4,2,4,4,4,1,2,5,2,4,2,4,2,1,4,4,4,4,4,4,2,4,1,2,4,4,Keskusta
496,4,2,2,2,4,5,2,4,5,1,2,5,4,5,2,2,1,1,5,5,5,1,2,4,4,1,4,4,2,5,Keskusta
497,4,2,5,2,4,2,5,4,2,1,4,5,2,2,3,4,2,1,5,4,1,4,1,5,4,2,4,4,4,2,Keskusta
498,5,4,4,2,5,2,4,4,2,1,4,5,4,4,1,4,1,1,5,5,1,5,5,5,4,4,4,4,1,5,Keskusta
499,2,2,1,4,5,2,4,1,2,2,1,5,1,4,2,4,1,1,5,2,4,4,2,4,2,2,1,2,4,2,Keskusta
501,4,3,2,4,2,4,4,2,1,2,2,4,2,4,3,4,3,2,3,2,4,3,3,3,2,3,2,3,4,2,Keskusta
505,5,2,3,4,5,2,4,4,4,2,4,4,4,2,2,4,3,2,5,4,5,4,4,4,2,2,4,4,2,5,Keskusta
507,5,2,5,2,4,4,5,4,4,4,2,5,4,2,2,5,2,4,4,2,2,4,4,4,4,2,4,4,2,2,Kokoomus
508,5,2,2,2,5,1,4,1,5,5,5,4,5,2,4,5,1,4,2,1,5,2,2,1,5,1,4,5,4,2,Kokoomus
509,5,1,4,1,5,2,2,4,5,4,4,4,4,2,2,5,1,3,5,4,4,3,2,5,4,1,4,2,5,2,Kokoomus
510,5,4,5,4,5,4,4,1,5,5,4,5,5,4,2,5,5,5,5,4,2,5,5,5,4,2,4,4,2,4,Kokoomus
511,4,2,4,4,5,1,4,5,2,2,1,4,5,4,2,5,3,2,4,1,5,5,1,4,5,2,1,5,2,5,Kokoomus
512,4,2,4,4,4,2,3,4,1,3,1,5,5,3,2,4,1,4,3,4,3,5,4,5,3,2,4,4,3,4,Kokoomus
513,5,1,4,2,4,4,4,4,5,5,4,2,5,1,2,5,1,5,5,2,5,5,2,4,5,1,5,4,4,4,Kokoomus
516,4,1,4,4,4,5,4,1,5,4,2,2,5,4,4,4,1,5,4,3,4,2,2,5,4,1,4,4,2,4,Kokoomus
517,5,1,4,1,5,5,2,4,5,3,5,1,5,4,5,1,1,4,5,2,5,1,2,4,5,1,5,5,5,2,Muutos 2011
518,2,2,4,1,5,5,4,4,5,1,2,5,4,5,5,2,1,2,5,2,4,1,2,4,4,1,3,5,2,4,Muutos 2011
519,2,2,4,2,4,5,2,3,4,2,2,4,2,4,2,2,3,2,2,4,2,4,4,2,2,4,2,4,4,3,Piraattipuolue
520,4,4,5,4,3,4,2,2,5,1,2,4,1,5,4,4,2,2,3,2,5,2,4,2,2,4,4,2,4,2,Piraattipuolue
523,4,4,2,4,5,2,4,2,4,1,2,4,2,4,1,2,2,2,4,4,2,4,2,4,4,4,2,4,2,4,Perussuomalaiset
524,1,5,1,5,5,5,1,1,5,1,1,5,1,5,1,1,1,1,5,5,5,1,1,5,1,5,5,1,5,5,Perussuomalaiset
525,2,4,4,2,5,5,3,4,4,4,1,4,4,3,1,2,2,2,5,5,1,1,2,4,4,4,2,1,5,2,Perussuomalaiset
527,5,5,1,5,5,5,5,1,5,1,5,5,5,5,5,1,1,5,5,5,1,1,5,5,5,5,4,4,5,4,Perussuomalaiset
531,4,2,4,2,5,4,5,1,4,2,4,5,4,5,2,2,2,1,5,4,2,2,4,5,4,2,2,4,4,4,Perussuomalaiset
533,5,5,5,2,5,4,4,2,2,4,2,5,4,4,1,2,3,2,5,4,3,4,2,4,4,1,4,4,4,2,Perussuomalaiset
535,4,5,4,2,1,4,2,2,4,4,1,5,4,4,2,4,2,1,4,4,4,4,4,4,2,2,2,2,4,4,SDP
538,5,5,3,2,1,2,2,4,2,5,2,5,2,1,1,5,4,1,3,3,5,5,1,3,2,4,2,4,2,5,SDP
539,2,4,1,4,1,2,1,2,1,1,1,5,1,4,2,5,5,1,2,4,5,5,1,1,1,5,1,1,2,5,SDP
542,2,4,5,3,5,1,5,4,2,4,1,5,4,5,1,5,3,1,5,4,5,3,4,4,4,5,2,2,5,3,SDP
544,2,4,1,2,4,4,2,4,4,3,2,5,1,3,2,4,5,2,5,4,5,4,3,4,2,4,2,2,4,4,SDP
545,2,5,2,2,2,4,2,5,1,5,1,5,1,2,1,5,5,1,5,5,4,5,4,1,1,5,1,1,2,4,SDP
546,1,5,1,4,1,2,1,2,1,1,1,5,1,5,2,2,5,1,1,4,5,5,2,1,1,5,1,1,1,5,SKP
550,1,5,1,2,1,1,1,1,1,1,1,5,1,5,1,1,5,1,1,1,5,5,1,2,1,5,1,1,1,5,SKP
551,1,5,1,4,1,5,1,4,3,1,1,5,1,4,1,1,5,1,1,3,5,4,3,3,1,5,1,1,1,4,SKP
553,1,4,1,4,4,2,1,2,2,4,1,5,1,5,2,1,3,1,2,2,4,2,2,2,1,4,2,2,4,5,SKP
554,1,4,3,4,2,4,2,4,4,4,1,5,1,2,2,4,5,1,2,2,5,5,1,1,1,5,1,4,2,2,Vasemmistoliitto
558,1,5,1,2,1,4,1,4,2,1,1,5,1,4,1,1,4,1,2,5,5,1,2,2,1,4,1,2,2,5,Vasemmistoliitto
559,2,5,2,2,2,1,2,4,2,2,2,5,1,2,2,4,3,1,2,4,5,5,4,2,1,5,1,2,2,4,Vasemmistoliitto
560,2,5,1,4,1,2,1,2,4,2,1,5,1,5,2,2,5,1,1,2,5,5,2,1,1,5,1,1,1,5,Vasemmistoliitto
561,2,4,1,2,1,2,2,4,2,2,2,5,1,4,1,1,5,1,4,1,5,5,1,2,1,5,1,1,2,4,Vasemmistoliitto
562,1,4,1,4,2,2,2,4,2,2,1,5,2,5,2,2,5,1,2,2,5,4,2,2,2,5,1,2,2,4,Vasemmistoliitto
563,2,1,2,5,2,5,2,4,5,4,1,5,2,4,5,5,4,2,4,4,5,4,1,3,2,3,2,4,1,5,Vihreät
568,4,4,4,2,4,2,2,4,1,1,2,5,2,4,4,5,4,1,5,2,2,4,2,5,3,2,2,2,2,4,Keskusta
570,4,4,4,4,4,2,4,1,4,1,2,5,2,2,1,4,1,4,5,2,2,2,2,5,2,2,1,4,2,4,Keskusta
572,4,2,4,4,4,4,4,4,4,2,4,4,4,4,4,4,2,2,4,2,2,4,2,4,4,2,2,4,2,4,Keskusta
573,4,4,2,4,4,4,4,4,2,1,4,4,4,4,2,4,2,2,4,4,2,4,2,5,4,4,2,2,2,4,Keskusta
577,4,4,4,2,5,4,5,1,4,1,2,5,5,1,2,4,2,1,5,2,1,4,5,5,4,2,1,5,4,2,Keskusta
578,5,5,2,2,2,4,4,2,1,1,1,5,2,4,1,4,3,1,5,2,2,2,2,4,2,2,1,2,3,4,Keskusta
580,4,4,4,2,4,4,4,2,2,1,2,4,4,4,2,4,1,2,4,4,2,2,4,4,4,4,1,2,2,5,Keskusta
582,4,4,2,2,2,4,4,4,2,1,4,5,4,4,2,4,4,1,4,2,2,4,4,4,4,4,2,4,2,4,Keskusta
584,5,1,4,2,5,1,4,1,5,4,4,5,5,5,2,1,1,5,5,1,4,5,1,5,5,1,4,5,2,5,Kokoomus
585,5,1,5,2,5,4,4,3,5,1,4,2,5,4,4,4,1,5,5,4,3,2,4,4,4,1,4,5,2,2,Kokoomus
586,5,1,5,2,5,2,5,1,4,4,4,4,4,4,4,4,1,4,5,2,1,2,4,5,3,1,4,5,3,3,Kokoomus
587,5,2,4,2,5,4,4,2,2,2,4,4,4,2,2,4,2,4,5,4,1,4,2,5,4,2,4,4,2,4,Kokoomus
589,5,1,5,2,5,2,5,4,5,2,3,2,5,2,2,5,1,5,4,2,5,5,4,5,5,1,4,5,3,2,Kokoomus
590,5,2,4,4,5,1,4,4,2,2,4,4,4,3,2,4,4,3,4,2,1,4,4,5,5,4,2,2,2,4,Kokoomus
591,4,2,2,2,4,2,4,2,2,4,2,4,4,2,2,4,1,5,5,2,2,4,4,5,4,2,2,2,2,4,Kokoomus
592,5,1,5,2,5,1,4,5,5,1,2,5,5,5,1,4,1,5,5,4,5,2,5,5,5,2,5,4,1,5,Kokoomus
593,5,1,5,2,5,1,5,2,2,4,5,5,5,1,2,5,1,4,5,2,1,5,2,5,5,1,4,4,4,2,Kokoomus
594,5,2,4,4,5,2,4,2,5,4,5,2,4,2,2,5,1,4,4,4,2,2,5,4,4,2,4,5,4,2,Kokoomus
595,5,1,5,1,5,5,5,1,5,5,5,5,5,5,1,5,1,5,1,1,1,1,5,5,5,1,5,5,5,5,Kokoomus
596,5,2,4,2,5,4,5,2,1,1,2,4,4,2,4,4,2,4,5,2,1,4,4,5,5,1,2,4,4,2,Kokoomus
599,5,2,4,2,4,4,4,2,4,2,2,4,5,4,2,5,1,4,5,2,4,4,4,4,4,2,4,5,2,5,Kokoomus
600,4,2,2,2,4,4,4,2,4,4,4,4,5,2,4,4,2,4,4,4,2,4,4,4,4,2,4,4,2,4,Kokoomus
602,5,2,5,2,3,4,4,2,5,4,4,5,4,4,3,4,3,5,4,4,4,5,4,5,4,2,4,2,3,4,Kokoomus
603,5,2,4,2,5,5,2,2,5,2,2,4,2,4,2,1,2,1,4,5,4,1,4,2,2,2,4,4,2,4,Muutos 2011
605,2,2,4,3,4,5,4,1,4,2,1,4,4,2,4,1,4,1,2,4,2,1,5,4,2,5,4,2,4,2,Muutos 2011
606,1,5,5,4,4,5,5,4,4,1,4,4,5,4,5,1,3,1,5,5,5,4,5,5,5,4,4,5,2,5,Muutos 2011
607,1,5,1,4,5,5,1,2,5,2,1,5,1,5,4,1,5,1,5,4,5,1,5,1,2,3,1,4,2,5,Muutos 2011
608,2,5,4,2,5,5,2,1,5,1,1,4,2,4,5,1,1,1,5,5,2,1,5,5,4,5,1,2,4,5,Muutos 2011
610,1,2,2,1,2,5,1,2,4,2,1,4,3,4,2,2,3,1,4,4,3,1,2,3,2,3,2,1,3,4,Piraattipuolue
612,4,4,1,4,4,5,4,4,4,2,2,4,2,4,2,1,2,1,4,5,1,1,4,5,2,4,4,2,4,4,Perussuomalaiset
613,5,4,2,2,5,4,5,4,4,5,5,4,2,4,2,2,5,4,5,2,1,2,5,4,4,2,4,5,1,4,Perussuomalaiset
616,4,5,4,2,5,5,4,2,3,1,1,5,1,5,2,1,1,1,5,4,1,1,4,5,2,2,1,4,5,4,Perussuomalaiset
617,4,4,1,2,2,5,2,4,5,2,1,4,4,4,5,2,3,1,5,4,1,1,4,5,2,5,4,2,4,2,Perussuomalaiset
618,5,2,4,4,5,5,4,4,5,1,4,4,4,5,1,1,1,2,5,5,2,1,5,5,4,1,4,4,4,4,Perussuomalaiset
623,4,5,4,2,5,5,2,2,1,1,2,5,2,5,2,1,2,1,5,5,1,1,4,5,2,2,1,2,4,2,Perussuomalaiset
627,2,3,1,4,3,5,4,3,3,1,1,5,3,5,1,1,1,1,5,5,1,1,5,5,4,3,3,3,4,5,Perussuomalaiset
628,1,1,1,2,4,1,1,1,5,1,1,5,5,5,5,5,5,1,5,1,5,5,5,2,5,1,1,1,1,5,RKP
629,4,4,4,4,4,2,4,2,2,2,2,2,4,4,2,4,2,4,5,2,5,5,2,2,4,4,4,4,2,5,RKP
630,4,4,4,4,4,2,4,2,2,4,2,4,4,4,2,4,2,5,5,2,4,2,4,4,4,2,2,4,2,4,RKP
631,4,1,4,1,4,1,1,1,1,1,1,5,4,4,4,5,3,1,2,5,5,1,4,5,1,5,2,2,2,5,RKP
632,3,2,3,3,2,1,3,2,4,1,3,3,4,4,2,4,2,3,3,4,4,4,2,4,3,2,5,3,4,4,RKP
633,2,4,1,4,4,1,4,4,1,4,1,4,2,4,1,5,5,2,5,4,5,5,2,2,2,2,1,2,1,5,RKP
635,1,1,4,2,1,2,1,2,1,1,1,4,4,4,2,4,3,1,4,5,5,4,2,4,2,2,1,2,4,4,RKP
637,4,4,1,4,4,2,4,4,2,2,1,2,2,5,2,4,2,2,4,2,3,3,4,4,2,5,4,2,1,5,RKP
640,2,4,2,4,1,2,1,2,2,2,1,5,2,2,1,5,5,1,5,4,5,5,2,1,1,5,1,2,1,5,SDP
641,4,2,2,1,2,5,2,2,2,2,1,5,1,4,2,2,5,1,3,5,4,5,4,4,2,2,5,4,4,5,SDP
644,4,4,2,4,4,4,1,2,5,2,1,4,2,5,4,4,2,1,2,2,5,4,1,2,2,4,1,2,2,5,SDP
645,2,4,2,2,2,2,2,2,2,2,2,4,2,2,2,4,2,2,4,2,4,4,2,2,2,4,2,2,2,4,SDP
646,4,2,2,5,4,2,2,1,4,1,1,5,1,4,2,5,3,1,4,4,5,2,1,1,1,4,1,2,1,4,SDP
648,2,4,4,4,1,5,2,2,5,1,1,4,2,4,2,4,4,1,4,4,4,1,2,2,1,4,2,1,2,2,SDP
649,4,5,5,2,2,2,2,4,1,2,1,2,1,2,1,5,4,1,5,5,1,4,4,2,1,2,1,1,2,4,SDP
650,2,4,4,4,2,5,4,2,4,2,1,2,1,5,3,4,5,2,2,2,5,5,1,2,2,4,1,2,3,4,SDP
655,4,5,5,4,2,2,2,2,2,1,1,4,2,4,1,5,4,1,4,2,5,5,4,2,1,5,1,2,4,2,SDP
656,1,5,1,4,2,5,1,4,2,1,1,4,1,5,3,5,5,1,1,4,5,5,2,1,1,5,1,1,1,5,SKP
659,2,5,1,5,2,5,1,2,3,1,1,4,1,5,4,1,5,1,1,1,5,5,1,1,1,5,1,1,1,5,SKP
662,1,5,2,4,1,2,2,5,2,4,1,4,1,5,3,1,5,1,1,3,2,5,4,1,1,5,1,1,1,5,SKP
663,2,4,4,2,5,5,4,4,1,1,1,4,1,4,4,1,4,1,4,4,4,4,4,2,1,4,1,2,2,4,Vasemmistoliitto
664,2,4,2,2,1,1,1,3,4,3,1,5,1,3,3,5,5,1,1,1,5,5,3,4,1,5,1,2,1,4,Vasemmistoliitto
666,1,5,1,4,1,2,1,2,2,1,1,5,1,5,2,2,5,1,1,1,5,5,1,1,1,5,1,1,1,5,Vasemmistoliitto
667,1,4,1,4,2,3,2,2,2,2,1,4,1,4,3,3,4,5,1,2,5,4,4,2,1,4,1,1,2,4,Vasemmistoliitto
669,2,5,1,2,2,2,1,2,2,4,1,5,1,4,2,4,5,1,1,5,5,5,2,1,1,5,1,2,2,4,Vasemmistoliitto
670,1,4,1,5,2,3,1,4,4,2,1,4,1,5,1,4,5,1,1,1,5,5,1,1,1,4,1,1,1,5,Vasemmistoliitto
672,1,4,2,4,1,4,2,4,4,5,1,4,1,2,1,4,1,1,2,4,5,5,2,2,1,5,1,4,4,4,Vasemmistoliitto
674,1,4,1,4,1,1,2,2,2,2,1,4,1,2,1,4,5,1,1,4,5,5,1,1,1,5,1,2,2,4,Vasemmistoliitto
675,2,4,1,5,2,2,4,3,1,1,5,5,1,4,3,1,3,1,2,4,2,5,4,4,1,4,1,1,1,5,Vasemmistoliitto
676,1,4,4,4,2,5,2,2,2,2,1,5,2,4,2,4,5,1,2,4,4,4,2,2,1,4,1,2,4,4,Vasemmistoliitto
678,2,4,1,4,1,2,2,2,2,2,1,4,2,2,2,4,5,1,2,4,5,5,2,1,1,4,1,1,2,5,Vasemmistoliitto
679,2,4,4,4,2,4,2,2,2,2,1,5,2,4,2,4,5,1,2,4,4,2,2,2,1,4,1,2,4,4,Vasemmistoliitto
680,2,4,2,5,2,1,2,2,2,2,1,2,1,1,4,5,5,1,1,2,5,5,4,1,2,4,1,1,1,5,Vihreät
681,2,4,1,5,2,2,1,2,4,1,1,4,2,4,2,5,5,1,2,1,5,5,1,2,2,4,2,2,1,5,Vihreät
682,2,2,1,1,4,3,3,4,2,3,1,3,4,3,3,2,3,2,2,2,4,1,4,4,2,5,2,4,1,5,Vihreät
683,4,4,1,5,4,5,5,3,1,2,2,4,4,2,1,5,5,3,2,2,5,4,1,2,2,5,1,1,1,5,Vihreät
684,4,4,1,5,2,3,2,3,4,2,2,4,1,2,3,5,5,2,2,1,5,5,1,2,1,4,2,4,1,5,Vihreät
686,2,4,1,5,2,4,1,1,5,4,1,2,3,2,4,5,4,1,1,1,5,5,1,1,2,4,2,2,1,5,Vihreät
687,2,2,1,4,2,4,2,2,5,2,2,4,1,2,1,4,2,1,4,2,5,3,1,2,2,4,1,2,1,5,Vihreät
688,4,2,1,4,4,1,4,2,2,2,1,4,2,4,4,5,4,1,2,2,5,5,4,2,4,2,2,4,1,5,Vihreät
689,4,3,1,4,4,4,4,2,3,4,2,5,4,4,2,5,3,2,5,2,5,2,4,4,4,2,4,4,2,4,Vihreät
691,5,4,3,4,4,4,2,2,1,2,1,4,2,5,3,2,1,1,5,5,1,4,5,5,1,2,1,4,1,5,Kristillisdemokraatit
692,4,4,2,2,2,2,2,2,3,1,1,4,2,4,2,2,4,2,5,5,3,3,2,4,2,4,1,2,2,4,Kristillisdemokraatit
693,2,4,1,2,4,5,2,2,1,1,2,4,4,5,4,4,1,1,5,5,1,4,4,5,2,4,2,4,2,4,Kristillisdemokraatit
696,4,2,4,2,5,2,2,4,2,2,3,2,2,2,2,4,1,2,5,2,1,3,2,5,4,2,2,4,4,2,Kristillisdemokraatit
698,4,4,2,4,4,5,4,4,2,1,4,4,2,5,5,2,3,2,4,4,1,4,4,5,2,2,2,4,2,4,Kristillisdemokraatit
699,4,4,2,2,4,1,4,4,2,2,2,4,4,4,3,2,2,3,4,4,1,2,4,5,4,4,4,4,2,4,Kristillisdemokraatit
701,5,2,4,4,5,4,2,1,3,3,4,4,2,2,4,2,3,4,4,4,1,3,5,5,2,2,5,4,4,5,Kristillisdemokraatit
702,4,4,1,4,4,4,2,1,1,1,4,4,4,4,2,2,2,1,5,4,1,5,2,5,2,2,1,4,3,4,Kristillisdemokraatit
703,4,4,2,5,2,4,4,3,2,2,2,2,2,4,2,4,2,1,4,2,1,5,1,5,2,4,3,4,2,5,Kristillisdemokraatit
705,4,5,1,4,2,2,5,2,2,2,2,5,4,4,1,2,2,1,4,4,5,2,1,4,2,2,2,2,4,4,Keskusta
707,5,1,4,2,5,4,5,1,4,1,5,5,5,4,1,5,1,1,4,4,2,2,4,5,4,1,4,4,4,2,Keskusta
708,4,2,4,2,4,4,4,4,4,2,2,4,4,4,2,4,2,2,4,2,4,4,2,4,4,2,4,4,4,4,Keskusta
709,4,4,2,4,4,4,4,4,2,1,2,5,4,4,4,4,2,1,4,2,1,4,4,5,4,2,2,4,2,4,Keskusta
710,5,2,2,4,5,5,2,2,2,1,1,1,2,4,2,4,2,1,2,1,5,3,4,4,1,2,4,4,1,5,Keskusta
712,4,2,1,4,4,2,4,1,2,1,2,5,2,4,1,4,2,1,5,2,4,4,1,4,4,2,4,4,2,5,Keskusta
713,5,4,2,2,5,2,5,5,2,2,4,4,4,5,2,4,1,2,5,4,1,4,4,5,4,2,2,5,2,4,Keskusta
715,4,2,4,4,4,4,5,4,2,1,2,4,5,5,2,4,1,2,5,5,1,2,4,5,4,2,4,4,4,2,Keskusta
716,4,2,2,4,4,2,4,2,4,2,4,4,4,2,4,4,2,2,4,2,5,4,2,4,4,2,2,4,2,4,Keskusta
717,4,2,4,3,4,2,4,4,2,1,1,5,4,4,4,4,3,1,5,2,1,4,2,5,2,5,4,5,4,5,Keskusta
718,5,4,2,4,5,2,4,4,4,2,2,4,2,4,2,4,3,2,5,2,5,4,2,2,2,2,1,4,4,4,Keskusta
721,5,3,2,1,5,5,4,2,1,1,3,5,3,5,1,3,1,1,1,5,2,5,4,5,2,1,4,5,5,2,Keskusta
722,5,2,2,2,4,4,4,3,2,2,2,4,4,4,3,2,4,2,5,5,4,3,4,3,4,2,3,4,2,4,Keskusta
723,5,2,4,2,5,5,4,4,4,4,4,2,4,4,4,2,3,2,4,3,2,2,4,2,5,2,5,4,4,2,Keskusta
724,5,2,4,2,5,4,5,2,5,1,5,2,5,5,4,5,1,5,5,4,4,2,5,5,5,1,2,5,2,4,Kokoomus
725,4,2,2,2,5,2,5,1,2,2,2,2,4,4,4,5,2,4,2,2,4,5,2,4,5,1,4,4,2,4,Kokoomus
727,5,1,5,2,5,2,5,2,5,2,4,2,5,1,2,5,1,5,5,2,5,5,5,4,5,2,5,4,2,4,Kokoomus
728,5,2,4,4,4,2,4,4,2,2,2,2,5,4,2,5,2,5,5,2,3,2,4,5,4,2,4,5,3,5,Kokoomus
729,4,2,4,2,4,5,4,4,2,2,4,2,5,2,4,4,2,5,4,4,4,2,2,4,4,2,4,4,2,4,Kokoomus
730,5,1,5,4,4,5,4,2,5,1,4,4,5,2,1,4,1,5,5,2,2,5,5,5,4,1,5,5,5,2,Kokoomus
731,5,1,4,2,5,5,5,2,4,3,2,1,5,3,5,5,4,5,5,1,5,2,5,5,4,1,4,4,4,2,Kokoomus
732,5,1,4,2,4,1,5,2,2,4,2,4,5,2,2,5,2,4,5,4,5,5,1,5,5,1,4,5,2,4,Kokoomus
733,5,1,5,4,5,5,5,4,5,1,5,1,5,5,5,4,1,2,4,4,4,1,5,5,4,1,5,5,4,4,Kokoomus
734,4,1,4,3,4,4,4,4,5,4,4,1,5,2,2,4,3,5,4,4,4,4,4,5,4,2,4,5,4,4,Kokoomus
735,4,1,4,2,4,4,4,4,5,2,2,2,4,2,5,5,2,4,4,2,5,4,4,4,4,2,4,4,3,4,Kokoomus
736,4,1,2,2,5,4,4,1,5,2,5,4,5,5,4,4,4,4,4,4,4,4,5,5,4,1,2,5,2,4,Kokoomus
737,5,1,1,4,5,4,5,5,5,1,4,5,5,5,4,5,1,5,4,1,4,5,4,5,5,1,5,5,1,5,Kokoomus
738,5,2,5,4,5,2,5,4,1,4,4,4,2,4,2,5,2,4,5,2,1,2,4,5,4,1,4,5,2,4,Kokoomus
739,5,1,5,4,5,1,5,4,5,4,4,4,5,4,2,5,1,5,4,1,2,4,4,5,4,1,2,4,4,4,Kokoomus
740,5,1,5,1,4,2,5,1,4,1,4,4,4,2,2,4,1,4,5,1,1,2,5,5,4,1,4,4,4,3,Kokoomus
741,5,1,5,2,5,2,4,4,5,2,5,2,5,5,4,5,1,5,5,2,5,4,4,5,5,1,5,5,2,4,Kokoomus
742,5,1,4,4,4,4,4,4,4,4,4,2,4,4,2,4,1,5,5,2,4,3,4,4,4,1,4,4,4,4,Kokoomus
743,4,2,5,2,5,5,2,4,5,1,4,2,3,4,5,1,2,4,5,2,5,1,5,2,4,2,4,4,4,2,Muutos 2011
744,2,4,2,2,2,4,2,2,5,1,1,4,1,4,4,1,1,1,2,4,3,1,4,3,2,2,2,2,4,2,Muutos 2011
746,4,4,5,4,5,5,3,4,4,1,4,4,4,2,2,1,1,1,5,2,1,1,5,5,3,4,4,2,4,4,Perussuomalaiset
747,1,5,2,2,4,4,2,2,2,1,1,5,1,5,2,2,2,2,5,4,2,1,4,1,1,1,1,1,5,2,Perussuomalaiset
748,4,4,2,3,4,5,2,4,5,2,2,4,2,5,4,2,5,2,4,4,4,2,4,3,2,4,1,2,2,4,Perussuomalaiset
749,4,4,4,1,5,5,1,2,2,1,1,5,4,5,1,1,1,2,5,5,1,1,4,5,2,2,2,2,5,2,Perussuomalaiset
750,2,4,4,4,5,5,4,2,2,1,1,4,3,5,1,5,4,2,4,5,4,1,5,5,4,4,4,2,5,2,Perussuomalaiset
751,4,3,3,1,5,5,3,2,3,1,3,4,3,4,3,1,3,3,5,5,1,1,5,5,3,2,3,4,3,3,Perussuomalaiset
752,4,2,1,1,4,5,2,4,2,1,2,5,2,4,2,2,4,1,5,5,1,4,2,5,1,2,2,4,5,3,Perussuomalaiset
753,4,4,4,4,5,5,5,4,1,1,2,4,4,4,4,1,1,1,5,5,1,3,4,5,4,4,4,4,4,4,Perussuomalaiset
754,4,4,4,2,4,4,4,2,4,1,2,2,4,4,2,4,2,2,5,4,4,4,2,4,4,2,2,4,2,4,Perussuomalaiset
755,4,2,4,4,4,5,1,4,5,1,1,4,2,4,2,1,4,1,4,5,2,1,4,5,2,2,1,2,4,5,Perussuomalaiset
756,4,2,5,2,5,4,4,4,4,4,3,2,5,4,4,2,1,5,5,5,2,1,4,5,4,2,4,4,3,4,Perussuomalaiset
757,4,4,1,4,4,5,2,2,2,1,2,4,2,4,2,2,3,1,4,4,3,2,4,5,2,3,3,4,3,4,Perussuomalaiset
762,2,4,4,2,5,5,4,2,4,2,4,4,4,4,3,1,2,1,5,4,4,2,4,5,2,2,4,2,4,2,Perussuomalaiset
765,4,4,4,4,2,5,2,4,2,2,1,2,1,5,1,2,1,1,2,4,4,2,4,4,2,4,1,2,2,4,SDP
766,2,5,4,1,1,2,1,2,1,1,1,1,1,5,1,4,3,1,4,5,2,5,1,4,1,4,1,1,1,5,SDP
768,2,4,2,2,2,2,2,4,3,2,1,5,1,4,2,4,5,2,4,4,3,3,4,4,1,4,1,2,2,4,SDP
769,5,4,4,1,4,5,5,1,5,5,4,1,5,1,5,5,5,5,5,5,5,3,1,2,4,1,5,1,1,2,SDP
770,2,2,2,4,2,4,1,4,4,1,1,2,1,4,2,4,2,1,5,5,5,4,2,4,1,4,1,1,2,4,SDP
771,4,4,1,2,2,2,4,4,4,4,1,2,2,4,4,4,4,1,2,2,5,5,2,2,2,4,2,2,2,4,SDP
772,2,4,1,4,2,4,1,4,3,4,1,2,2,3,2,4,5,1,2,4,5,4,2,2,1,5,1,1,2,4,SDP
773,2,2,5,4,1,4,1,3,2,4,1,4,1,1,2,4,5,2,3,1,5,5,2,2,1,5,1,1,3,4,SDP
774,2,4,2,4,2,4,1,2,2,2,1,4,2,4,2,4,4,1,2,4,5,4,2,4,1,5,1,1,2,4,SDP
776,2,5,2,4,2,1,1,2,1,5,1,5,1,2,1,5,5,1,2,4,4,5,1,4,1,5,1,1,1,5,SDP
778,2,4,1,4,1,4,2,4,4,4,1,2,1,3,2,4,5,1,2,3,5,5,2,2,1,5,1,1,1,5,SDP
779,1,5,1,4,1,5,2,2,4,1,1,2,1,5,2,4,5,1,4,5,5,5,2,1,1,5,1,1,4,2,SDP
780,2,4,2,2,2,2,2,4,2,2,2,2,1,1,2,5,4,2,5,4,4,5,2,2,2,4,1,2,2,4,SDP
782,2,4,1,5,1,2,1,2,1,1,1,5,1,5,3,1,4,1,1,2,5,5,2,1,1,5,1,5,1,5,SKP
784,1,5,1,5,1,2,1,2,2,1,1,4,1,5,2,1,5,1,1,2,5,5,2,1,1,5,1,1,1,5,SKP
785,1,4,1,5,1,2,1,4,4,1,1,5,1,5,2,1,5,1,1,4,5,5,1,1,1,5,1,1,1,5,SKP
786,1,5,1,4,2,5,1,1,5,1,1,5,1,5,5,1,5,1,1,5,4,2,2,1,1,5,1,1,1,4,SKP
787,1,5,1,5,1,2,1,1,3,1,1,5,1,5,1,1,5,1,2,5,5,5,1,1,1,5,1,1,1,5,SKP
789,1,5,2,2,1,1,1,5,1,1,1,5,1,5,4,1,3,1,1,4,5,5,2,1,1,5,1,1,2,4,SKP
791,2,4,1,5,1,2,1,4,4,2,1,4,1,2,1,4,5,1,4,2,5,5,2,2,1,4,1,1,1,5,Vasemmistoliitto
793,5,5,1,4,2,1,1,2,3,2,1,5,2,4,1,4,2,1,2,4,5,5,2,2,1,4,1,2,1,5,Vasemmistoliitto
794,2,4,1,4,1,4,1,2,4,4,1,4,1,2,2,3,5,1,2,5,4,5,2,1,2,5,1,1,2,4,Vasemmistoliitto
795,1,4,1,4,1,2,2,1,2,2,1,4,1,1,2,4,5,1,1,2,5,5,1,1,1,5,1,1,1,5,Vasemmistoliitto
796,1,5,1,5,1,4,1,2,5,3,1,4,1,5,2,3,5,1,1,1,5,5,1,1,1,5,1,1,1,5,Vasemmistoliitto
797,1,2,1,2,1,4,1,4,1,2,1,5,1,1,2,4,5,1,2,2,5,4,1,2,1,5,1,1,1,5,Vasemmistoliitto
798,1,4,1,4,4,4,2,2,4,1,1,4,2,5,2,2,4,1,5,4,5,2,5,2,1,4,2,2,2,5,Vasemmistoliitto
799,2,2,4,4,1,4,1,2,5,2,1,2,1,5,4,3,5,1,3,4,5,4,2,1,2,5,1,1,1,5,Vasemmistoliitto
800,1,4,1,2,1,4,1,2,3,2,1,4,1,5,2,4,5,1,3,4,5,5,1,2,1,4,1,1,1,5,Vasemmistoliitto
801,1,5,1,5,1,2,1,2,4,1,1,5,1,5,2,4,4,1,1,2,5,5,4,1,1,5,1,1,2,5,Vasemmistoliitto
802,2,4,2,4,1,4,1,1,4,2,1,4,2,5,4,4,5,1,4,4,5,5,4,4,2,5,1,1,2,5,Vasemmistoliitto
803,2,4,1,2,2,2,2,2,2,1,1,4,1,5,2,2,2,1,3,4,3,2,2,4,1,4,2,1,2,4,Vasemmistoliitto
804,1,5,1,2,2,5,2,3,2,4,1,2,1,4,1,4,5,2,2,2,5,5,3,2,1,4,1,2,1,4,Vasemmistoliitto
806,1,4,1,4,1,1,1,5,5,4,1,5,2,4,5,4,4,1,2,1,5,4,1,1,5,5,1,1,1,5,Vasemmistoliitto
807,2,4,1,4,2,2,1,4,4,2,1,4,2,2,2,4,4,1,2,4,5,4,1,2,1,4,1,1,2,5,Vasemmistoliitto
808,4,1,1,4,4,5,2,4,5,4,1,2,1,2,5,5,2,4,5,1,5,5,1,1,4,4,4,2,1,5,Vihreät
809,2,4,1,4,1,5,1,1,3,1,1,4,2,5,4,4,4,1,4,3,5,5,1,3,1,4,2,1,1,5,Vihreät
810,2,4,1,4,2,2,2,4,5,4,1,2,4,4,4,4,4,4,4,2,5,4,2,2,4,4,2,4,1,5,Vihreät
811,2,4,1,5,4,5,1,1,5,2,2,2,2,2,3,2,5,4,2,1,5,4,4,3,2,5,1,2,1,5,Vihreät
812,1,5,1,5,1,4,1,2,4,2,1,2,1,2,2,4,5,1,1,1,5,5,1,1,1,5,1,1,1,5,Vihreät
813,4,2,1,4,4,1,2,2,4,4,2,4,2,2,1,5,3,1,3,2,5,4,2,5,4,2,3,4,1,5,Vihreät
814,4,4,1,5,4,1,2,4,5,2,1,4,2,2,4,4,1,1,4,2,5,5,1,2,4,5,1,4,1,5,Vihreät
815,1,4,2,5,1,4,1,2,4,3,1,2,1,4,4,5,5,2,1,1,5,5,2,2,2,5,1,2,1,5,Vihreät
816,2,2,2,5,2,4,2,4,5,4,1,1,4,1,5,5,4,4,2,1,5,5,1,1,4,4,2,4,1,5,Vihreät
817,2,2,1,5,2,4,1,4,4,1,1,2,2,2,3,5,5,2,2,1,5,5,1,4,1,4,2,2,1,5,Vihreät
818,2,4,1,5,1,1,1,5,2,1,2,5,2,4,1,5,5,1,2,1,5,5,1,2,2,4,2,2,1,5,Vihreät
819,4,2,1,4,4,4,2,4,4,3,2,4,4,4,2,4,3,4,4,2,4,4,4,4,4,1,1,4,4,4,Vihreät
820,4,4,1,5,2,5,2,4,4,2,1,2,2,4,4,4,5,2,2,2,5,4,1,2,2,4,2,2,1,5,Vihreät
821,2,2,2,4,2,4,2,4,4,2,2,2,3,2,4,4,4,3,2,2,4,4,2,2,2,4,2,3,2,4,Vihreät
822,4,4,1,4,2,4,2,2,2,4,2,2,2,3,1,5,4,2,2,2,5,4,4,4,4,4,2,4,1,5,Vihreät
823,4,2,4,4,4,4,4,2,1,4,4,5,4,4,2,4,3,4,4,2,1,5,4,4,4,4,4,4,2,4,Kristillisdemokraatit
824,4,4,4,2,4,3,4,2,1,1,2,4,2,4,3,3,2,3,4,3,1,4,3,5,2,4,1,3,3,4,Kristillisdemokraatit
826,5,2,5,4,5,3,4,2,1,2,4,5,4,2,2,5,2,4,5,4,1,4,5,5,5,4,4,2,4,2,Kristillisdemokraatit
827,4,3,4,3,4,4,2,2,1,4,4,3,3,4,3,1,1,2,3,5,1,2,2,5,3,3,4,4,4,2,Kristillisdemokraatit
828,4,2,4,2,4,4,2,4,1,2,4,2,4,4,4,2,2,2,4,2,1,4,4,5,4,4,2,4,2,4,Kristillisdemokraatit
832,2,2,4,4,4,4,3,4,1,1,2,4,4,5,5,2,2,3,5,5,1,4,4,5,3,4,4,4,4,2,Kristillisdemokraatit
834,5,4,4,4,5,4,5,4,1,1,2,5,4,4,4,4,2,4,5,4,4,5,5,5,2,4,1,4,5,4,Keskusta
844,5,2,1,2,5,2,4,4,4,1,4,5,4,4,2,4,2,1,5,5,4,1,4,5,4,2,4,4,4,4,Keskusta
845,4,2,4,2,5,2,3,4,2,1,4,4,2,4,2,3,4,2,5,4,5,2,4,4,2,2,2,5,4,2,Keskusta
846,5,2,5,1,5,4,5,2,5,2,5,4,5,4,5,5,1,4,5,1,2,1,4,4,4,1,5,5,4,2,Keskusta
847,5,2,1,4,4,4,4,4,5,4,4,4,4,2,5,4,1,4,4,1,4,4,1,4,2,1,4,5,2,5,Kokoomus
849,4,2,5,2,5,2,4,4,4,4,2,4,5,4,3,5,2,4,5,2,4,5,2,5,4,2,4,2,2,5,Kokoomus
850,4,2,5,4,5,4,5,2,5,2,4,1,4,2,4,4,3,4,4,2,4,4,1,5,4,1,4,4,4,2,Kokoomus
851,5,2,5,2,4,2,4,4,4,4,4,4,5,4,2,5,1,5,5,1,5,5,4,4,4,2,4,4,2,4,Kokoomus
852,4,2,4,4,2,2,4,5,2,2,2,2,4,4,2,4,2,4,4,2,4,5,4,5,4,2,4,2,2,4,Kokoomus
854,5,1,5,2,5,2,4,3,4,4,4,4,4,2,2,5,2,4,4,2,2,4,4,5,5,1,4,5,2,4,Kokoomus
855,1,2,1,4,4,1,4,4,5,5,2,4,4,2,4,4,1,5,4,2,5,4,2,5,4,1,2,4,2,4,Kokoomus
857,5,2,5,4,4,4,4,2,5,4,4,2,5,2,4,5,1,5,5,2,4,2,4,4,4,1,4,4,2,4,Kokoomus
858,4,2,4,2,4,4,5,4,4,2,2,4,4,2,1,4,2,3,4,2,3,2,2,4,4,2,4,4,4,4,Kokoomus
859,5,2,4,2,4,4,5,2,4,2,2,4,2,2,4,4,2,4,4,4,4,2,4,4,4,2,2,5,2,4,Kokoomus
860,4,4,2,2,4,5,4,4,4,1,1,4,2,4,4,4,1,1,5,5,1,1,5,5,1,5,1,2,5,2,Muutos 2011
861,2,4,4,2,5,5,2,2,2,1,1,5,4,5,4,1,3,1,5,5,2,1,4,4,4,5,1,1,2,2,Muutos 2011
862,4,4,4,4,3,5,1,4,5,2,4,3,4,5,5,4,4,1,2,4,5,4,2,2,2,4,3,5,1,4,Piraattipuolue
865,4,3,3,2,4,5,4,2,1,2,1,4,3,4,2,1,1,1,4,5,1,1,5,5,1,2,2,3,2,2,Perussuomalaiset
866,5,4,5,2,5,5,4,2,4,2,1,5,1,4,3,1,1,1,5,5,2,1,4,5,1,2,1,2,5,2,Perussuomalaiset
867,4,4,4,1,4,5,2,2,5,1,2,4,2,4,1,2,1,1,5,5,1,1,4,5,4,2,4,4,4,4,Perussuomalaiset
868,4,4,2,4,5,4,4,2,2,2,2,4,5,4,2,4,1,2,4,2,2,4,4,5,5,4,2,4,4,4,Perussuomalaiset
869,5,4,5,1,4,5,2,2,5,2,2,5,4,5,4,5,1,1,5,5,5,1,4,2,4,2,2,4,4,4,Perussuomalaiset
872,4,5,4,2,4,4,4,5,5,1,4,5,4,4,5,1,3,1,4,5,1,1,4,5,4,4,2,5,4,4,Perussuomalaiset
873,2,4,2,2,4,4,4,2,4,2,1,4,2,4,4,1,1,1,4,5,1,1,4,5,2,4,4,4,2,5,Perussuomalaiset
875,5,4,4,2,5,4,2,4,2,1,1,2,4,4,2,1,1,4,5,5,1,3,4,5,2,2,2,5,1,2,Perussuomalaiset
877,5,2,4,2,4,4,4,2,2,4,2,4,4,4,4,4,2,4,2,2,4,4,4,2,4,1,4,4,4,4,SDP
878,2,4,5,2,3,4,2,2,5,4,1,2,2,4,2,4,4,2,4,4,5,4,2,2,1,2,3,2,2,4,SDP
882,4,5,4,2,2,2,2,4,4,4,1,4,2,4,2,5,2,1,4,2,5,5,2,2,1,5,1,2,4,2,SDP
883,4,5,5,4,4,4,2,2,2,1,1,4,1,5,2,4,1,1,5,2,1,2,2,4,1,5,1,2,1,5,SDP
885,2,4,2,4,1,2,1,4,1,1,1,2,1,2,3,4,5,2,3,4,5,4,4,2,2,4,1,2,1,4,SDP
886,2,4,2,2,2,2,2,4,4,2,1,4,2,3,2,4,4,2,4,4,5,4,2,4,1,4,1,2,2,4,SDP
893,2,2,2,2,5,5,1,5,5,4,1,5,5,1,2,4,5,1,4,5,5,4,1,1,1,5,1,1,1,5,Vasemmistoliitto
896,2,5,1,5,1,2,1,4,4,2,1,4,1,2,1,4,5,1,3,2,5,4,2,1,1,5,1,1,2,5,Vasemmistoliitto
900,1,2,1,4,1,5,1,2,2,1,1,4,1,1,1,2,5,1,2,1,5,5,4,1,1,4,2,4,1,5,Vihreät
902,4,4,1,4,2,2,2,5,2,4,4,4,2,4,3,4,5,2,1,2,5,5,1,1,2,4,1,2,1,5,Vihreät
904,4,2,2,1,4,2,2,4,1,1,2,4,2,4,2,4,1,2,5,4,1,4,2,5,2,2,2,4,2,4,Kristillisdemokraatit
905,4,5,4,1,2,2,2,5,2,4,1,4,2,4,2,2,4,4,4,5,1,5,4,5,1,5,1,2,1,4,Kristillisdemokraatit
906,4,5,4,3,4,3,4,4,2,2,1,3,4,4,2,4,3,1,4,4,1,4,1,5,3,5,2,2,4,4,Kristillisdemokraatit
908,5,4,1,3,4,4,4,4,1,2,2,4,3,4,3,4,3,2,3,4,1,3,4,5,2,4,2,5,4,3,Kristillisdemokraatit
909,4,4,4,4,3,2,4,1,3,1,1,4,5,4,4,3,3,1,5,4,4,4,4,4,4,2,4,4,2,4,Kristillisdemokraatit
910,5,4,2,4,4,5,5,3,3,2,4,4,3,3,4,4,3,1,4,3,1,4,4,5,4,2,2,4,2,4,Kristillisdemokraatit
911,4,2,2,4,4,2,4,2,2,2,2,4,4,4,2,4,2,2,2,4,1,4,3,5,4,1,2,4,1,5,Kristillisdemokraatit
912,5,5,4,4,2,4,4,4,1,4,3,5,2,4,1,2,1,3,5,4,1,5,4,5,2,4,2,4,4,4,Kristillisdemokraatit
915,4,2,2,4,4,2,4,4,2,2,2,4,4,2,2,4,4,2,4,4,4,4,2,4,4,2,2,4,4,4,Keskusta
916,4,4,1,3,2,4,2,4,2,2,4,4,2,4,1,4,1,2,5,2,4,3,4,4,2,4,2,2,1,5,Keskusta
917,4,5,2,3,5,4,2,5,1,1,1,5,4,5,1,4,5,1,5,5,1,1,4,5,4,4,1,1,3,1,Keskusta
918,4,3,2,4,3,5,4,2,1,1,1,3,4,4,4,4,1,1,5,2,1,3,2,5,3,4,3,2,1,5,Keskusta
919,4,4,4,4,4,2,4,2,2,1,2,4,2,2,2,4,1,2,5,4,2,2,4,5,2,2,1,4,1,5,Keskusta
920,4,1,2,1,4,2,4,2,2,1,2,4,2,2,2,5,2,2,5,2,4,2,2,4,2,2,2,4,2,5,Keskusta
923,5,4,2,5,5,5,4,5,5,2,2,5,5,5,1,4,1,3,4,4,4,2,4,5,3,4,4,4,5,1,Keskusta
924,4,2,2,4,4,2,5,2,2,1,2,5,1,2,1,5,4,2,4,2,2,4,2,4,2,2,3,4,2,4,Keskusta
925,4,4,4,2,4,2,4,2,4,2,2,4,2,2,3,4,3,1,4,2,3,4,4,4,2,2,2,4,4,2,Keskusta
926,4,2,5,2,2,4,3,4,4,1,2,4,4,4,2,4,4,2,5,2,5,3,2,4,2,4,2,2,3,2,Keskusta
928,5,4,2,2,4,4,5,4,2,1,2,5,5,4,1,4,5,1,5,5,4,5,4,5,4,2,4,2,2,5,Keskusta
930,4,2,4,4,5,2,4,4,2,4,2,2,4,4,4,5,2,4,4,2,5,2,4,4,4,2,2,4,4,4,Kokoomus
931,5,2,5,1,5,4,4,5,4,1,2,4,4,2,1,4,2,4,5,2,4,3,4,5,4,2,2,5,2,4,Kokoomus
932,5,1,5,4,5,5,1,1,4,2,4,2,5,5,2,5,1,4,5,4,5,5,4,5,4,1,1,4,1,5,Kokoomus
933,4,4,4,4,5,4,5,4,4,2,4,4,5,4,4,4,1,2,2,2,4,4,4,4,5,1,2,5,2,4,Kokoomus
936,4,1,4,4,4,5,3,4,1,1,1,4,5,5,4,5,1,4,4,5,5,4,4,4,2,1,5,2,1,4,Kokoomus
937,5,1,4,3,4,2,4,4,5,2,4,4,4,3,4,5,3,4,4,2,4,5,3,5,4,2,3,5,4,4,Kokoomus
938,4,2,4,4,4,2,4,2,4,4,4,2,4,2,4,5,2,2,4,2,5,4,2,2,4,2,4,4,4,4,Kokoomus
940,5,4,5,2,5,5,4,2,2,2,4,4,2,4,2,4,1,4,5,1,4,4,5,5,4,1,2,5,4,2,Kokoomus
941,4,3,2,2,5,4,3,3,5,2,2,4,4,2,2,5,3,4,5,2,3,2,3,4,4,3,4,4,4,3,Kokoomus
942,4,4,4,2,5,4,2,4,4,2,2,2,4,2,4,5,1,4,4,2,4,5,2,5,2,2,1,5,2,4,Kokoomus
943,5,2,4,4,5,2,5,2,5,4,2,4,4,4,4,5,1,4,5,4,4,4,5,4,4,1,4,5,2,4,Kokoomus
945,4,2,4,1,4,5,4,3,5,1,1,4,4,2,2,4,2,4,4,4,2,5,1,5,4,2,4,4,2,4,Perussuomalaiset
946,4,5,2,3,4,5,3,2,2,2,3,4,1,4,2,1,1,1,5,5,1,2,5,5,2,4,2,2,4,2,Perussuomalaiset
947,2,4,5,2,4,5,5,1,5,1,1,4,1,4,5,2,1,2,4,5,2,1,5,5,1,4,2,4,5,2,Perussuomalaiset
948,1,5,2,1,5,5,2,2,1,2,1,2,2,4,4,1,2,2,5,5,1,1,1,5,1,5,1,1,2,4,Perussuomalaiset
950,2,4,4,4,2,5,4,2,5,1,2,5,2,5,2,1,1,1,5,5,2,2,5,4,1,4,1,2,4,4,Perussuomalaiset
952,5,2,4,1,5,5,1,4,1,1,4,5,4,5,5,1,1,1,5,2,1,1,5,5,5,1,4,1,5,5,Perussuomalaiset
954,4,5,4,2,4,5,2,2,4,1,1,4,2,4,4,1,2,1,5,4,5,2,3,4,2,3,1,2,4,4,Perussuomalaiset
956,2,5,4,1,4,5,4,4,4,2,4,4,4,4,2,2,2,1,4,4,1,4,4,5,4,4,1,2,4,4,Perussuomalaiset
957,5,4,5,5,2,4,4,4,4,2,4,5,2,4,2,2,1,2,5,4,4,4,2,5,4,4,2,4,4,2,Perussuomalaiset
959,4,2,5,1,5,5,5,1,5,1,1,1,4,1,2,4,1,1,4,2,5,1,4,5,2,2,2,5,1,5,Perussuomalaiset
960,4,4,4,2,4,5,4,4,4,1,1,4,2,5,4,2,1,1,5,4,1,2,4,5,2,5,2,2,2,4,Perussuomalaiset
961,1,5,1,5,4,5,1,4,5,4,1,5,1,5,5,5,5,1,5,2,5,5,2,1,1,5,1,1,2,5,SDP
962,2,4,5,2,4,2,1,1,1,2,1,5,1,2,1,5,4,1,4,5,4,5,2,5,1,4,4,4,1,5,SDP
963,2,5,5,4,2,4,1,2,4,2,1,4,2,4,2,4,5,1,4,4,5,4,2,2,2,4,2,2,4,4,SDP
965,2,5,3,3,2,5,1,5,5,5,1,5,1,4,1,4,4,1,5,5,5,4,4,5,2,5,1,2,1,4,SDP
966,5,5,4,5,4,1,5,1,5,4,5,1,1,2,5,5,1,1,1,1,1,1,4,5,1,5,1,5,5,5,SDP
967,4,5,4,4,2,4,2,4,2,2,1,4,2,2,2,5,2,1,2,2,5,5,1,3,2,4,2,4,2,5,SDP
970,1,4,4,5,1,5,1,4,5,1,1,5,1,5,4,5,5,2,5,5,4,3,4,3,1,5,1,1,4,5,SDP
971,2,5,1,5,1,2,2,4,1,2,1,5,1,4,1,5,5,1,4,2,5,5,2,1,1,5,1,1,1,5,SDP
972,4,5,1,2,1,2,2,4,1,4,1,5,1,2,1,4,4,1,5,5,3,4,2,4,1,4,1,2,2,5,SDP
973,2,5,1,2,2,2,2,4,2,2,1,5,1,2,2,4,5,2,3,2,5,4,1,3,1,4,1,2,1,5,SDP
974,1,4,1,5,1,2,2,2,2,4,1,4,1,2,2,5,5,1,2,4,5,4,2,2,1,5,1,1,1,5,SDP
975,4,5,4,2,4,4,2,2,5,4,1,4,1,4,2,4,4,1,5,5,5,2,2,4,1,4,1,2,4,2,SDP
976,2,4,1,4,2,2,2,2,2,1,1,4,2,4,2,5,4,1,5,4,5,5,2,4,5,4,1,1,2,4,SDP
977,5,5,4,1,4,5,2,3,2,4,1,4,1,5,4,2,4,1,2,1,2,4,2,2,1,2,1,4,4,2,SDP
979,1,5,1,5,1,2,1,1,4,1,1,5,1,5,2,1,5,1,1,5,5,5,4,2,1,5,1,1,1,5,SKP
981,1,2,1,5,1,5,2,1,5,1,1,2,1,4,1,1,5,1,2,5,5,4,4,4,1,5,1,1,1,5,SKP
982,2,5,1,5,1,4,1,4,2,1,1,5,1,4,1,5,5,1,1,2,5,5,2,1,1,5,1,1,1,5,Vasemmistoliitto
983,1,5,1,4,1,2,1,4,1,2,1,4,1,2,2,4,5,1,1,2,5,5,2,1,1,5,1,1,1,5,Vasemmistoliitto
984,1,5,1,5,1,5,1,4,4,1,1,4,1,4,2,2,5,1,1,2,5,5,2,1,1,5,1,1,1,5,Vasemmistoliitto
985,1,5,1,4,1,2,1,2,2,1,1,5,1,2,1,2,5,1,2,3,5,4,1,1,1,5,1,1,1,5,Vasemmistoliitto
986,1,5,1,5,1,4,1,1,4,1,1,5,1,2,2,4,5,1,2,2,5,5,1,1,1,5,1,2,1,5,Vasemmistoliitto
990,1,5,1,5,1,3,1,4,2,2,1,5,1,2,3,4,4,1,1,2,5,4,1,1,1,5,1,1,2,5,Vasemmistoliitto
991,4,4,4,2,4,4,4,4,4,1,2,5,2,4,1,1,1,1,4,5,2,2,4,5,2,2,1,4,4,5,Vasemmistoliitto
992,1,5,1,2,1,1,4,5,4,1,1,5,1,1,2,5,5,1,1,5,5,1,1,1,1,5,1,2,5,5,Vasemmistoliitto
993,1,5,4,4,1,5,2,2,2,1,1,5,1,5,2,2,5,1,2,4,2,5,5,4,1,5,1,2,4,2,Vasemmistoliitto
994,1,5,1,4,3,4,1,4,1,4,1,5,1,1,4,2,5,1,1,4,5,4,1,4,1,5,2,1,4,2,Vasemmistoliitto
995,2,5,4,2,4,4,1,2,2,4,1,5,2,4,2,2,3,5,4,4,4,4,4,5,2,4,2,4,4,4,Vasemmistoliitto
996,4,4,1,5,2,2,2,2,4,2,2,4,1,2,3,5,5,1,2,1,5,5,1,2,1,4,2,4,1,5,Vihreät
997,4,2,4,2,2,5,1,4,5,4,1,2,1,2,3,5,5,1,2,2,5,4,4,2,2,3,4,4,1,1,Vihreät
998,4,4,1,4,2,2,2,2,2,2,2,2,2,2,2,4,4,2,4,2,5,4,2,2,2,4,1,2,1,5,Vihreät
999,2,2,1,4,4,4,4,2,5,4,1,4,2,2,2,5,3,4,2,1,5,5,1,2,1,4,4,4,2,5,Vihreät
1000,4,2,1,4,2,2,1,1,2,2,1,5,2,2,2,5,4,2,2,2,5,4,1,1,4,2,2,2,1,5,Vihreät
1001,4,4,1,5,2,4,2,4,2,4,1,2,2,2,1,4,2,2,2,2,5,4,1,2,2,4,1,2,1,5,Vihreät
1002,2,4,1,5,1,4,1,1,4,2,1,4,1,2,4,5,5,1,1,1,5,5,1,2,2,5,2,2,1,5,Vihreät
1003,2,4,1,5,1,2,1,2,1,3,1,4,2,2,3,5,4,2,2,2,5,5,1,2,1,5,1,2,1,5,Vihreät
1004,2,4,1,4,4,2,4,2,2,2,1,4,1,2,2,4,4,2,4,2,5,5,3,4,2,4,2,4,2,5,Vihreät
1005,2,2,1,5,2,5,1,2,5,3,1,3,4,2,4,4,5,1,1,1,5,5,1,1,3,5,1,2,1,5,Vihreät
1006,4,5,1,5,2,5,4,4,1,4,2,4,4,2,3,5,3,5,5,2,5,4,4,2,2,4,1,4,1,5,Vihreät
1007,5,1,4,2,5,4,4,1,2,1,1,5,4,2,2,4,2,4,5,2,2,1,1,5,4,2,4,5,2,4,Kristillisdemokraatit
1008,4,4,3,2,4,4,4,2,2,2,2,4,2,4,4,2,2,2,4,4,1,4,4,5,2,4,2,2,2,4,Kristillisdemokraatit
1010,4,2,4,2,4,1,4,4,1,2,2,4,2,2,4,3,2,2,4,1,1,4,3,4,4,2,4,4,2,4,Kristillisdemokraatit
1011,4,3,4,2,4,3,2,2,1,2,3,4,2,4,4,4,1,2,5,2,1,5,4,5,2,2,4,4,2,4,Kristillisdemokraatit
1012,4,4,3,3,4,3,4,2,1,2,3,4,4,4,4,4,4,4,5,2,1,4,4,2,3,3,3,4,4,4,Kristillisdemokraatit
1013,2,4,3,2,4,4,4,4,2,3,4,4,2,2,4,4,4,3,4,4,1,4,4,5,4,4,2,2,3,4,Kristillisdemokraatit
1014,4,4,4,4,4,4,2,2,2,2,2,2,4,4,3,2,2,2,5,1,1,4,1,5,5,4,5,4,1,5,Kristillisdemokraatit
1016,5,2,4,4,5,5,4,4,5,2,5,4,2,4,5,4,2,2,5,4,2,4,4,4,2,1,4,4,4,4,Kristillisdemokraatit
1017,4,2,4,2,4,2,4,4,2,2,4,3,2,4,2,4,2,4,4,2,1,4,2,5,3,4,3,4,4,2,Kristillisdemokraatit
1018,4,4,2,2,2,2,4,2,1,2,2,4,4,3,1,3,1,1,4,2,1,4,2,5,2,4,2,2,2,5,Kristillisdemokraatit
1019,5,2,5,5,5,2,5,5,2,2,5,2,5,5,5,2,4,4,4,1,1,5,4,5,4,1,5,5,4,4,Kristillisdemokraatit
1020,4,1,4,2,5,2,5,4,2,1,2,5,4,2,1,5,2,4,5,1,1,4,5,5,4,1,2,4,3,1,Kristillisdemokraatit
1021,4,4,2,4,4,1,4,2,2,2,2,4,4,2,2,3,2,2,3,4,1,4,2,5,4,4,2,4,2,5,Kristillisdemokraatit
1022,4,2,4,4,5,2,5,2,3,2,4,4,4,2,2,4,2,4,4,2,1,3,4,5,4,2,2,5,2,5,Kristillisdemokraatit
1024,4,4,2,2,4,2,4,2,1,2,4,4,2,4,2,4,5,2,4,4,1,2,4,5,2,2,2,4,2,2,Kristillisdemokraatit
1025,4,3,2,4,4,2,3,2,2,2,3,4,2,4,2,3,2,3,4,2,1,4,2,5,2,3,2,4,3,4,Kristillisdemokraatit
1026,4,2,3,2,2,3,1,1,1,1,1,2,2,5,2,4,2,3,5,4,1,4,4,5,2,2,2,4,3,4,Kristillisdemokraatit
1027,2,4,2,4,5,5,4,2,1,2,5,5,4,4,1,5,2,4,5,2,4,4,2,5,5,5,4,4,2,5,Kristillisdemokraatit
1028,4,2,3,2,4,4,2,2,4,4,3,1,4,3,3,4,2,4,4,4,2,3,4,5,4,2,4,3,4,2,Kristillisdemokraatit
1029,5,2,4,4,5,2,5,2,2,4,2,5,2,4,4,4,1,4,5,2,1,4,4,5,4,2,2,2,2,4,Kristillisdemokraatit
1031,2,4,2,4,4,4,4,2,2,2,2,4,2,4,2,4,2,2,4,4,1,4,4,5,2,4,2,4,2,4,Kristillisdemokraatit
1032,2,4,1,3,4,2,4,3,3,1,1,5,4,4,3,3,2,3,2,4,5,3,4,4,4,4,2,2,3,4,Keskusta
1033,4,2,1,2,4,2,2,4,2,1,4,5,2,2,2,4,4,2,4,2,2,4,2,4,2,4,2,4,2,4,Keskusta
1036,4,4,2,3,4,3,4,4,2,2,2,4,4,4,2,4,2,2,5,4,5,3,2,4,3,2,2,4,2,5,Keskusta
1037,2,3,2,4,5,3,3,2,2,2,2,4,2,3,4,2,5,2,5,4,1,3,4,5,3,4,2,4,2,4,Keskusta
1038,4,3,4,2,2,2,4,4,2,2,3,4,3,5,2,4,2,2,4,4,4,4,4,4,2,5,4,2,3,3,Keskusta
1041,4,2,2,4,4,1,4,4,4,1,4,4,4,2,4,5,1,1,4,2,5,4,1,4,2,2,4,2,1,4,Keskusta
1042,4,4,2,4,4,2,4,4,1,2,2,4,3,2,2,2,3,4,4,2,4,2,4,4,2,2,2,4,2,5,Keskusta
1043,4,1,2,4,5,2,2,1,2,2,2,5,4,2,1,4,1,4,5,4,5,5,4,5,2,2,2,4,2,5,Keskusta
1044,4,3,2,2,4,2,4,4,4,1,2,4,3,2,2,4,3,2,5,4,4,4,3,4,3,2,2,2,4,4,Keskusta
1045,4,2,1,4,5,2,4,2,4,1,2,5,2,5,4,2,2,1,4,4,5,5,4,5,2,4,4,4,1,5,Keskusta
1046,5,2,2,4,5,5,4,1,2,2,4,4,2,2,4,4,2,1,5,2,1,4,4,5,2,2,2,4,4,4,Keskusta
1047,4,2,2,2,5,2,3,4,4,2,4,2,2,2,4,4,1,2,4,4,4,4,4,4,4,2,4,4,1,4,Keskusta
1048,4,2,2,1,5,4,2,4,4,1,1,5,4,5,4,3,4,1,5,5,5,2,5,4,2,2,1,5,4,4,Keskusta
1049,4,4,4,4,4,2,5,4,4,1,2,5,4,4,5,3,4,3,4,2,3,4,2,4,4,3,4,4,4,5,Keskusta
1051,5,4,2,2,4,4,4,3,4,4,4,4,4,4,4,4,3,4,5,4,2,4,2,4,4,4,4,4,2,4,Keskusta
1052,4,2,2,5,4,4,4,2,4,2,4,4,4,2,4,4,4,2,4,2,4,4,4,4,4,4,4,4,4,4,Keskusta
1054,4,3,2,3,4,2,3,3,4,1,4,4,4,3,4,4,2,4,4,2,2,4,3,4,4,3,3,4,2,4,Keskusta
1055,2,2,2,4,4,5,2,4,5,2,2,4,2,4,4,4,4,2,2,4,5,4,4,4,2,2,2,4,4,4,Keskusta
1056,5,4,1,2,4,5,5,4,3,2,2,4,4,4,2,4,3,2,4,4,5,5,4,4,2,2,2,4,4,2,Keskusta
1057,4,2,2,4,4,4,4,4,3,2,2,4,4,2,2,4,4,3,4,4,1,4,2,4,4,2,2,4,2,4,Keskusta
1058,2,4,2,4,5,4,4,2,4,1,1,2,5,4,4,1,1,1,5,2,2,2,2,5,2,4,2,2,4,4,Keskusta
1059,5,2,4,2,5,2,5,2,4,5,2,5,4,2,4,4,1,2,5,1,4,4,2,4,5,2,4,2,4,4,Keskusta
1060,4,4,2,4,4,4,4,4,4,1,2,5,2,4,2,4,2,2,5,4,4,3,4,4,2,2,2,4,4,2,Keskusta
1061,4,4,1,4,4,1,2,4,1,1,1,4,4,4,2,4,4,2,4,2,5,5,1,5,2,4,1,2,2,4,Keskusta
1063,4,4,4,3,5,3,2,2,5,4,4,2,3,5,2,2,3,2,4,4,2,1,4,4,2,4,2,4,4,4,Kokoomus
1065,5,1,5,4,4,5,4,4,5,2,4,2,4,2,5,5,1,5,5,1,5,4,2,2,4,1,4,4,2,4,Kokoomus
1066,5,1,5,2,5,2,2,4,4,4,4,2,5,2,4,5,1,5,5,1,5,3,4,5,5,1,4,5,2,2,Kokoomus
1067,4,2,5,4,5,5,5,5,5,5,5,2,5,2,5,5,2,5,4,1,5,4,2,5,5,2,4,5,5,4,Kokoomus
1069,5,1,5,2,4,2,4,4,5,4,4,4,4,2,3,4,2,5,5,4,4,4,4,4,4,1,4,4,2,4,Kokoomus
1071,4,2,4,2,5,4,4,2,4,2,4,2,4,2,2,4,2,4,4,4,4,4,4,4,4,1,4,4,4,2,Kokoomus
1072,5,2,4,4,4,4,4,4,5,4,4,2,4,2,5,5,1,5,4,1,5,4,2,2,4,2,4,5,2,5,Kokoomus
1073,5,1,4,2,4,1,4,2,4,2,4,5,4,2,4,4,2,4,5,2,5,4,4,4,4,1,4,4,2,4,Kokoomus
1074,5,1,4,2,5,4,4,2,2,1,4,2,5,2,2,4,2,5,5,4,2,1,4,4,5,1,4,5,4,2,Kokoomus
1075,4,1,2,4,4,4,4,2,4,2,2,2,4,4,4,4,2,4,4,2,3,4,4,4,4,2,4,4,4,4,Kokoomus
1077,5,2,4,2,5,4,5,3,2,4,4,4,5,2,2,5,2,4,4,4,1,2,4,4,5,2,4,4,4,2,Kokoomus
1078,5,1,4,2,5,5,3,1,5,2,5,4,5,2,5,4,1,5,5,1,5,3,5,4,5,1,5,5,4,2,Kokoomus
1080,4,2,5,4,4,4,5,4,4,2,4,2,4,2,4,5,2,4,4,1,5,4,3,2,4,2,4,2,2,4,Kokoomus
1082,4,2,4,2,4,4,4,4,4,2,4,4,4,2,4,4,2,4,4,2,4,2,2,4,5,2,4,4,3,4,Kokoomus
1083,5,1,5,2,5,1,5,4,5,2,4,1,5,2,1,5,1,5,5,2,5,5,5,5,4,1,1,5,1,5,Kokoomus
1084,5,2,2,2,5,4,4,4,4,4,4,4,4,5,4,4,2,4,5,4,4,2,4,4,4,2,4,4,4,4,Kokoomus
1085,4,2,4,2,5,2,4,4,4,4,4,2,5,4,2,5,2,4,4,1,4,4,2,4,4,1,4,4,2,4,Kokoomus
1086,5,1,5,5,5,2,5,4,5,1,1,4,5,5,1,5,1,5,5,1,5,1,5,5,5,1,5,5,5,5,Kokoomus
1087,4,2,3,4,4,2,2,2,2,2,2,2,4,2,4,4,2,4,4,2,4,4,2,4,4,2,4,4,2,4,Kokoomus
1088,4,2,4,2,4,1,4,2,4,2,4,4,4,3,4,5,1,4,4,1,5,3,2,4,4,1,4,4,2,4,Kokoomus
1089,5,1,2,2,4,2,4,2,4,4,4,2,4,4,4,4,1,4,5,2,4,3,4,5,4,1,4,5,4,4,Kokoomus
1090,4,2,3,4,4,4,4,2,4,4,2,4,4,4,2,4,2,5,5,4,2,2,2,4,4,2,2,4,4,2,Kokoomus
1091,5,1,4,2,5,4,2,2,4,4,4,4,5,4,4,4,2,5,5,2,4,4,4,4,4,1,4,5,2,4,Kokoomus
1092,4,2,4,2,4,2,4,1,4,2,4,4,4,4,2,4,2,4,5,2,2,2,4,5,4,2,4,4,2,4,Kokoomus
1094,5,2,4,4,4,4,4,4,5,3,4,2,4,2,5,5,1,5,5,2,5,4,2,2,4,1,4,4,2,4,Kokoomus
1095,4,2,4,4,4,2,2,2,4,2,2,2,4,2,2,4,1,4,3,2,5,4,2,4,4,2,4,4,2,5,Kokoomus
1096,4,2,5,4,5,5,2,4,5,3,4,2,4,1,5,2,3,4,4,1,5,1,4,2,2,1,4,5,4,2,Muutos 2011
1097,4,2,4,4,4,5,4,2,5,1,2,5,4,5,4,1,2,1,5,5,1,1,5,5,4,2,5,5,4,4,Muutos 2011
1098,4,2,4,4,4,5,3,4,4,4,2,1,2,4,4,2,2,1,4,2,4,1,4,4,2,4,2,2,4,4,Muutos 2011
1099,4,2,1,2,5,5,1,1,5,1,2,5,4,5,4,1,1,2,5,5,2,1,4,5,1,1,2,4,1,5,Muutos 2011
1100,4,4,4,2,4,5,2,4,5,1,1,4,4,5,4,2,1,2,5,5,1,1,4,4,2,2,2,5,2,4,Muutos 2011
1101,5,1,4,1,5,5,4,2,5,1,4,4,4,4,4,1,2,2,4,5,1,1,4,4,2,1,4,5,2,4,Muutos 2011
1102,2,4,4,3,2,5,1,2,5,1,1,4,2,5,5,1,4,1,4,5,1,1,4,4,2,4,1,1,4,4,Muutos 2011
1103,5,3,4,3,5,3,4,4,4,1,1,4,3,4,3,1,2,2,5,2,3,1,5,4,3,2,2,4,4,4,Muutos 2011
1104,2,1,4,4,5,5,1,1,5,2,2,4,5,5,5,1,2,2,4,4,4,1,4,4,4,2,5,4,4,5,Muutos 2011
1105,2,5,4,4,5,5,2,1,5,1,1,5,3,4,5,1,1,1,5,5,1,1,5,5,1,4,1,1,5,2,Muutos 2011
1106,4,2,1,1,5,5,3,2,5,2,2,1,2,4,5,1,2,1,4,5,2,1,4,4,1,2,1,5,4,5,Muutos 2011
1107,1,5,1,1,5,5,1,4,5,1,1,4,4,5,4,1,1,4,5,5,1,1,5,5,5,5,4,1,1,4,Muutos 2011
1108,5,3,5,2,5,5,5,4,3,4,4,2,4,4,3,2,2,4,5,4,1,1,5,4,4,2,2,4,5,2,Muutos 2011
1109,3,4,2,4,3,5,1,3,5,2,3,3,3,4,5,4,4,2,2,1,5,4,1,1,2,4,2,2,1,4,Piraattipuolue
1110,5,4,4,5,5,5,1,3,5,2,2,1,3,4,5,4,2,3,4,2,5,5,4,2,4,2,1,5,4,4,Piraattipuolue
1112,4,1,4,3,5,5,2,2,5,3,4,1,5,3,5,4,1,4,2,3,5,3,1,2,4,2,5,3,3,4,Piraattipuolue
1113,5,2,5,4,5,5,2,4,5,2,1,1,5,5,5,2,1,5,4,2,5,3,4,1,4,2,2,4,2,2,Piraattipuolue
1115,2,1,5,4,5,5,1,2,4,2,4,1,5,2,5,4,1,4,2,2,5,4,2,1,5,1,4,5,1,4,Piraattipuolue
1117,3,2,4,4,3,5,3,1,5,3,3,1,3,3,5,4,3,1,4,3,5,4,4,1,2,4,2,3,2,4,Piraattipuolue
1118,2,2,1,2,4,5,1,3,5,1,1,1,3,4,5,3,3,1,3,3,5,1,1,1,2,4,2,1,1,4,Piraattipuolue
1120,4,2,2,1,3,5,2,3,3,2,1,4,4,5,1,4,3,2,3,2,3,4,4,4,2,1,4,4,2,4,Piraattipuolue
1121,4,2,5,2,5,5,2,4,5,1,2,2,2,5,4,1,1,1,5,5,1,1,5,5,2,2,4,4,5,2,Perussuomalaiset
1122,2,5,4,2,4,5,2,2,4,1,2,5,2,4,1,1,2,2,5,4,1,1,2,4,2,2,1,4,4,2,Perussuomalaiset
1125,4,2,5,3,4,5,2,4,5,1,4,4,3,4,1,1,1,2,5,5,4,1,4,4,2,2,4,4,4,2,Perussuomalaiset
1126,5,2,2,2,4,3,3,3,4,2,4,4,5,5,2,2,2,1,4,4,2,3,3,4,4,2,3,1,3,4,Perussuomalaiset
1128,4,1,5,4,5,5,4,4,5,1,4,2,4,5,4,2,2,4,5,2,5,1,4,4,4,2,5,4,2,4,Perussuomalaiset
1129,5,2,5,2,5,5,4,2,4,1,1,4,2,4,2,5,2,1,4,5,2,1,4,4,2,2,2,4,2,4,Perussuomalaiset
1130,4,4,4,4,4,5,2,3,4,1,1,4,2,5,3,2,1,1,4,4,3,2,2,4,1,4,2,4,4,4,Perussuomalaiset
1131,4,2,5,2,4,5,4,2,5,4,2,5,3,4,4,1,1,1,5,4,2,1,4,4,4,2,4,5,5,3,Perussuomalaiset
1133,4,2,4,2,2,5,5,2,2,4,1,2,1,2,2,2,4,3,4,4,3,2,4,5,1,2,2,4,4,4,Perussuomalaiset
1134,4,2,4,1,4,5,4,4,4,2,1,5,2,4,2,2,1,2,5,5,1,1,4,5,4,3,2,2,4,2,Perussuomalaiset
1135,4,4,5,2,4,5,4,4,4,1,1,4,2,4,2,2,1,1,5,4,2,1,4,4,2,2,1,4,2,4,Perussuomalaiset
1136,2,4,4,2,2,5,4,4,1,1,1,5,2,5,1,1,1,1,5,5,1,1,5,5,1,2,2,2,5,4,Perussuomalaiset
1137,4,2,4,1,5,5,4,4,4,2,2,4,4,4,2,4,2,1,4,5,2,1,4,4,2,2,4,4,4,4,Perussuomalaiset
1138,4,4,2,2,5,5,2,1,5,1,4,4,2,5,3,4,2,3,4,2,3,1,3,5,1,3,4,3,2,4,Perussuomalaiset
1139,4,5,4,2,2,5,2,2,1,2,1,4,1,2,1,1,2,2,5,5,2,1,5,5,1,4,5,4,5,4,Perussuomalaiset
1140,4,4,2,4,5,5,5,1,5,1,1,2,4,5,1,2,1,1,5,5,1,1,2,5,1,3,4,4,2,4,Perussuomalaiset
1141,4,4,4,2,4,5,4,4,2,2,2,4,2,4,2,2,3,2,5,5,2,2,3,4,2,4,2,4,2,4,Perussuomalaiset
1143,2,4,2,1,4,5,1,4,5,2,1,1,4,2,3,1,1,1,4,5,5,2,3,4,4,4,4,2,2,5,Perussuomalaiset
1144,4,2,3,2,5,5,4,4,3,2,4,4,4,4,4,2,1,2,4,2,4,4,4,4,4,2,4,4,2,5,Perussuomalaiset
1145,4,4,2,2,2,5,2,4,2,2,4,2,2,2,2,4,2,2,4,4,2,3,4,4,2,2,2,4,2,4,Perussuomalaiset
1147,2,5,5,4,2,5,1,1,4,1,1,5,1,5,5,1,1,1,5,5,1,1,4,5,1,3,1,1,5,1,Perussuomalaiset
1148,4,2,3,2,4,5,4,4,4,2,1,4,4,4,2,1,4,2,5,4,1,1,5,5,4,2,4,4,4,4,Perussuomalaiset
1149,4,4,4,2,5,5,4,2,5,1,1,4,4,5,4,2,1,2,5,4,2,4,5,5,2,4,4,5,2,4,Perussuomalaiset
1150,4,4,4,2,4,5,4,4,4,2,1,4,2,4,1,2,2,2,5,5,1,2,4,5,2,2,2,2,4,2,Perussuomalaiset
1151,2,1,4,1,4,5,2,2,5,4,1,4,4,5,1,2,1,1,5,5,1,2,4,5,4,5,1,5,5,1,Perussuomalaiset
1152,5,1,2,4,5,5,4,5,4,4,4,4,2,4,4,2,4,4,4,4,3,1,5,4,4,1,5,5,2,5,Perussuomalaiset
1153,5,4,5,2,5,4,2,4,5,5,1,4,2,4,1,3,2,1,5,5,1,4,4,5,4,2,2,4,4,2,Perussuomalaiset
1154,4,2,1,5,2,1,4,2,5,2,2,2,4,4,5,5,2,4,2,1,5,4,2,3,4,2,4,2,2,5,RKP
1155,5,2,1,3,5,1,5,4,2,2,4,4,2,4,3,4,2,4,4,1,5,5,2,4,4,2,4,4,1,5,RKP
1157,4,2,1,4,2,1,4,1,4,1,4,2,4,2,4,5,2,4,4,1,5,5,1,1,4,2,4,4,2,4,RKP
1158,5,2,4,2,4,2,4,1,4,4,4,5,4,4,4,4,2,4,4,1,5,4,2,3,4,2,4,4,3,2,RKP
1159,4,1,4,4,4,1,2,2,5,4,1,4,4,5,3,5,2,5,5,1,5,5,1,2,2,2,1,4,4,4,RKP
1161,4,2,2,4,2,2,2,1,5,1,2,4,4,5,2,5,3,2,5,1,5,4,2,1,2,2,4,4,1,5,RKP
1162,4,4,1,3,2,2,2,2,4,1,4,5,4,5,3,4,3,2,3,1,4,5,4,5,2,4,2,4,1,4,RKP
1163,5,1,4,2,4,1,4,1,4,2,2,2,5,2,4,5,1,4,5,1,5,5,2,4,4,2,5,4,2,4,RKP
1164,2,2,2,4,4,1,2,3,4,1,2,4,4,4,4,4,2,2,4,2,5,4,2,3,2,2,2,4,4,4,RKP
1165,5,2,1,2,4,1,2,1,4,2,2,4,5,2,2,5,2,4,4,1,5,4,2,4,4,2,4,4,4,4,RKP
1166,5,2,3,2,4,1,4,2,1,2,4,2,4,5,4,4,3,4,4,2,4,3,4,5,4,2,4,2,4,4,RKP
1167,4,4,4,2,2,1,4,2,4,2,2,2,4,5,2,5,2,1,2,2,5,4,4,5,4,2,2,4,2,4,RKP
1168,4,2,1,4,4,1,2,4,5,2,2,5,3,4,4,1,2,2,4,1,5,5,1,1,2,1,4,5,2,5,RKP
1169,4,2,1,4,2,1,2,4,4,1,4,5,4,5,2,4,2,2,4,1,5,5,2,5,4,4,2,4,2,4,RKP
1170,4,2,1,4,4,1,3,1,2,2,1,4,2,4,3,5,3,4,4,1,5,5,1,4,1,2,3,4,2,5,RKP
1171,4,1,2,5,4,1,4,2,1,2,1,4,1,5,1,5,1,1,4,1,5,5,5,4,1,2,1,4,2,5,RKP
1172,5,2,4,5,4,1,2,2,4,4,3,2,5,2,2,5,4,5,4,1,5,5,3,2,4,1,2,5,1,4,RKP
1173,4,2,2,2,4,1,4,2,4,2,4,2,4,4,4,4,2,4,4,1,5,4,2,2,4,2,4,4,2,4,RKP
1174,4,2,1,4,4,1,4,4,4,1,2,5,2,4,2,4,3,4,2,2,5,5,1,2,2,4,4,4,2,4,RKP
1177,4,2,1,2,4,1,4,4,4,1,1,4,4,5,2,5,3,4,3,2,5,5,2,4,4,2,4,4,2,5,RKP
1178,4,2,2,4,4,1,4,2,4,4,2,4,1,4,2,5,2,4,4,2,5,5,1,4,4,4,4,4,1,5,RKP
1180,4,2,2,1,4,1,4,2,4,2,4,4,4,2,2,5,2,2,5,4,4,4,2,5,4,2,2,2,4,4,RKP
1181,4,4,1,1,4,1,4,5,3,2,5,4,5,1,4,2,1,1,5,4,1,5,4,5,5,4,2,4,2,5,RKP
1183,4,5,2,4,2,2,2,4,2,5,1,2,1,2,4,5,5,1,2,2,5,4,2,1,1,4,1,4,2,1,SDP
1185,4,4,1,3,2,1,3,2,3,1,1,4,1,3,2,4,4,1,4,5,5,4,3,2,2,3,2,2,2,2,SDP
1186,2,3,1,4,2,3,2,4,5,2,2,1,2,4,2,4,4,1,2,2,5,5,4,3,1,3,2,4,1,5,SDP
1188,4,4,4,4,1,2,2,2,4,4,1,2,1,4,1,5,5,2,4,4,5,4,2,4,1,4,1,2,4,4,SDP
1189,4,4,4,5,1,1,4,2,4,4,1,4,2,2,1,4,5,1,4,5,5,5,4,1,1,5,1,1,4,4,SDP
1190,2,5,2,2,1,4,1,2,4,1,1,5,1,4,4,4,5,1,1,1,4,5,1,3,1,5,1,1,3,5,SDP
1191,2,4,1,4,2,4,4,4,2,2,1,2,1,5,2,2,5,1,4,4,4,4,1,2,1,2,1,4,2,4,SDP
1192,2,5,4,4,1,1,2,1,5,1,1,4,1,5,2,4,5,1,4,2,5,4,2,2,1,2,1,1,2,4,SDP
1194,4,5,4,4,1,1,2,4,2,4,1,4,1,2,2,5,5,1,2,5,5,4,1,2,1,5,1,1,2,4,SDP
1195,2,4,4,2,1,4,2,4,2,4,1,4,2,2,2,4,4,1,4,4,2,4,4,4,1,5,2,2,2,4,SDP
1197,5,5,4,4,1,5,4,4,5,2,1,4,2,4,4,4,5,1,5,5,5,4,5,5,1,2,5,4,4,5,SDP
1198,4,2,5,2,2,2,4,2,5,4,2,4,2,2,2,5,4,5,5,2,5,4,4,3,2,2,2,4,4,4,SDP
1199,2,4,2,4,1,4,2,2,4,2,1,4,1,4,2,4,4,2,4,5,5,3,4,4,1,5,1,2,2,4,SDP
1200,2,4,5,2,4,5,4,1,4,1,1,1,1,4,1,4,5,4,5,1,5,1,5,4,1,4,1,1,4,5,SDP
1201,4,2,2,4,2,5,2,4,2,4,1,2,1,4,2,4,5,1,2,4,5,4,4,2,1,4,1,2,2,4,SDP
1202,4,3,4,3,2,2,4,1,4,1,1,2,2,4,4,4,2,1,4,4,4,4,2,4,2,2,4,4,4,4,SDP
1203,4,5,2,5,2,4,2,4,4,2,1,4,2,4,2,4,4,1,4,5,5,4,4,4,2,4,4,2,2,4,SDP
1204,4,4,4,2,1,1,4,4,4,2,1,5,2,4,2,5,5,1,5,4,5,4,2,2,1,2,1,2,2,4,SDP
1205,4,4,4,4,2,2,2,4,2,2,1,2,1,4,2,4,4,2,4,4,5,4,2,2,2,4,1,2,2,4,SDP
1206,1,4,1,4,2,4,2,1,2,1,1,4,2,5,4,1,1,1,2,5,4,1,4,5,1,4,2,4,4,5,SDP
1207,4,2,2,4,2,3,3,2,4,4,1,3,1,4,4,4,5,1,4,2,5,5,2,4,1,4,2,2,4,5,SDP
1208,2,4,2,4,2,3,2,2,4,4,1,3,2,2,2,4,4,3,2,2,5,4,2,2,2,4,1,2,2,4,SDP
1209,2,4,3,5,2,2,1,3,4,2,1,2,1,4,3,2,4,1,3,4,3,5,1,2,1,4,1,1,2,4,SDP
1211,4,5,2,4,2,1,2,2,2,2,1,5,2,5,2,4,4,1,4,4,5,4,4,4,1,4,1,2,2,4,SDP
1212,2,4,1,4,1,1,1,1,1,1,1,4,1,4,1,4,5,1,2,2,5,5,2,2,1,5,1,2,2,2,SDP
1213,1,2,2,3,1,2,1,4,2,1,1,4,1,5,3,1,4,1,3,3,5,5,2,1,1,5,1,1,2,5,SKP
1214,1,2,1,4,1,2,1,5,4,1,1,4,1,4,3,1,5,1,2,3,5,4,4,2,1,5,1,1,1,5,SKP
1215,2,2,4,2,1,1,1,2,2,1,1,4,1,2,2,1,5,1,1,5,5,4,4,4,1,4,1,1,4,5,SKP
1216,2,4,2,4,1,4,1,2,2,1,1,4,1,4,1,1,3,1,1,2,3,5,4,1,1,5,1,1,2,5,SKP
1217,2,5,1,2,2,2,2,4,2,4,4,2,2,5,4,4,2,1,1,5,5,4,4,4,1,4,1,2,1,5,SKP
1222,1,4,1,5,1,4,2,1,2,1,1,4,1,5,2,1,5,1,2,2,5,5,1,3,1,5,2,1,1,5,Vasemmistoliitto
1224,2,4,1,5,1,1,1,2,4,2,1,5,1,4,2,3,5,1,2,2,5,5,1,2,2,5,1,1,1,5,Vasemmistoliitto
1225,1,5,1,4,1,2,1,1,4,2,1,2,1,2,2,2,5,1,1,1,5,5,1,1,1,5,1,1,1,5,Vasemmistoliitto
1226,1,5,1,2,1,2,1,4,2,1,1,2,1,4,1,1,4,1,2,2,5,5,1,1,1,5,1,1,2,4,Vasemmistoliitto
1228,1,2,1,2,1,2,1,2,4,2,1,5,1,4,1,4,5,1,4,2,5,4,1,2,1,5,1,1,1,4,Vasemmistoliitto
1230,1,4,1,4,1,5,2,3,4,4,1,4,1,4,3,4,5,1,1,1,5,4,1,1,1,5,2,1,1,5,Vasemmistoliitto
1231,2,5,2,4,2,4,1,2,2,2,1,5,1,4,1,4,4,2,2,4,5,4,2,4,2,5,2,1,2,4,Vasemmistoliitto
1232,2,5,3,4,2,5,2,4,2,1,1,2,1,5,1,2,5,1,2,5,5,5,5,2,1,4,1,2,2,5,Vasemmistoliitto
1234,1,4,1,2,1,4,1,2,4,2,1,2,1,4,4,4,5,1,1,4,5,4,2,1,1,4,2,1,1,5,Vasemmistoliitto
1235,1,4,1,4,1,3,1,1,3,4,1,2,1,5,1,3,5,1,1,1,5,5,1,2,1,5,1,1,1,5,Vasemmistoliitto
1236,2,2,1,2,1,2,1,1,2,2,1,2,5,2,2,4,5,1,2,1,5,5,1,1,1,4,1,1,2,5,Vasemmistoliitto
1237,1,5,1,4,1,1,1,5,5,5,1,2,1,1,1,5,5,1,1,1,5,5,1,1,1,5,1,1,1,5,Vasemmistoliitto
1239,2,4,2,4,1,2,1,3,1,2,1,3,2,4,2,3,5,1,2,4,1,4,4,2,1,4,1,2,2,5,Vasemmistoliitto
1240,2,4,1,4,2,2,1,3,4,1,1,5,2,5,5,4,5,1,2,2,5,5,2,1,1,5,1,1,2,5,Vasemmistoliitto
1241,2,5,4,2,1,5,1,4,5,2,1,2,1,4,4,2,5,1,2,5,4,4,4,2,1,4,1,1,2,4,Vasemmistoliitto
1242,1,5,1,5,1,4,1,4,4,2,1,2,1,2,2,2,5,1,2,4,5,5,2,1,1,5,1,1,2,5,Vasemmistoliitto
1243,1,1,1,4,4,2,1,2,4,4,1,5,1,2,4,4,5,1,2,1,5,1,1,1,1,5,1,1,1,5,Vasemmistoliitto
1244,1,5,1,5,1,1,1,1,3,1,1,5,2,5,3,5,5,1,1,1,5,5,1,1,1,5,1,4,1,5,Vasemmistoliitto
1246,2,4,1,2,2,4,2,2,5,2,1,3,2,4,3,4,5,3,4,4,5,5,2,3,2,5,2,1,1,4,Vasemmistoliitto
1247,1,5,1,4,1,4,2,2,2,2,1,4,1,4,1,3,4,1,2,4,5,4,4,2,1,4,2,1,2,4,Vasemmistoliitto
1248,1,5,1,5,1,5,4,2,5,1,1,4,1,5,2,4,5,1,5,2,5,5,5,2,1,5,1,1,2,4,Vasemmistoliitto
1249,1,5,1,5,1,2,2,2,4,2,1,2,1,2,2,4,5,1,2,2,5,5,2,1,1,5,1,1,2,5,Vasemmistoliitto
1250,2,4,3,2,4,4,2,4,4,4,1,2,1,2,2,2,5,1,2,5,4,5,4,4,1,4,1,2,1,4,Vasemmistoliitto
1251,2,4,1,4,1,2,1,2,5,4,1,4,1,1,1,5,5,1,2,5,5,5,2,1,1,4,1,4,1,5,Vasemmistoliitto
1252,2,5,4,4,1,2,2,1,4,3,1,4,3,2,2,3,5,1,2,2,5,5,4,4,1,4,1,1,2,4,Vasemmistoliitto
1253,1,5,3,5,1,3,1,4,3,4,1,3,1,4,2,4,5,1,2,1,5,5,1,1,1,5,1,4,1,4,Vasemmistoliitto
1254,2,4,1,5,2,2,2,4,2,2,1,4,2,2,2,5,5,2,4,1,5,5,1,2,2,4,2,1,1,5,Vihreät
1256,2,2,1,5,2,2,1,2,4,4,2,2,2,2,4,5,3,2,2,1,5,5,2,2,2,4,1,2,1,5,Vihreät
1257,4,2,2,5,2,2,2,4,2,4,2,2,1,4,4,5,4,2,1,1,5,5,1,2,2,4,2,2,1,5,Vihreät
1258,4,2,1,4,2,2,4,4,2,4,2,4,2,1,2,4,5,1,2,2,4,5,4,2,2,4,2,4,1,5,Vihreät
1259,2,1,2,4,2,2,1,2,5,4,4,1,4,2,5,5,1,5,4,1,5,5,1,2,4,2,2,2,1,5,Vihreät
1260,2,2,1,5,2,4,1,2,4,5,1,4,1,2,2,5,5,2,2,1,5,4,1,1,2,4,1,4,1,5,Vihreät
1261,2,4,1,4,2,2,1,2,2,2,2,4,2,4,4,5,4,2,4,1,5,5,2,2,2,4,1,2,1,5,Vihreät
1262,2,1,1,4,2,5,4,4,5,2,4,4,2,2,4,4,1,4,2,4,5,4,2,2,2,4,2,4,1,5,Vihreät
1263,4,4,1,4,2,2,2,2,2,2,2,2,2,2,2,4,5,2,3,1,5,5,2,3,2,4,2,2,1,5,Vihreät
1264,1,4,1,4,1,2,1,4,4,1,1,4,2,4,4,5,5,2,2,2,5,5,1,2,2,5,2,1,1,5,Vihreät
1266,2,4,1,5,4,2,1,1,5,2,1,2,1,4,4,5,4,2,2,2,5,5,1,4,2,4,2,2,1,5,Vihreät
1267,2,2,1,5,2,2,2,1,5,2,2,2,1,4,4,5,5,1,2,2,5,5,2,2,1,5,1,2,1,5,Vihreät
1268,2,2,1,5,2,2,2,2,2,1,1,4,2,2,5,5,5,1,1,1,5,5,2,2,3,4,2,2,1,5,Vihreät
1269,4,4,1,4,2,4,2,4,5,4,2,2,2,2,4,4,5,1,2,1,5,5,2,2,4,4,2,2,1,5,Vihreät
1271,1,4,1,4,2,1,1,1,5,2,1,2,1,2,1,5,2,1,2,2,5,5,2,1,2,4,1,2,1,5,Vihreät
1272,4,5,1,4,2,2,1,1,4,4,1,2,2,2,2,4,5,2,4,1,5,5,2,4,2,4,1,2,1,5,Vihreät
1273,2,4,2,4,2,5,1,1,3,1,1,4,2,4,4,5,2,4,4,4,5,3,2,5,2,4,4,2,2,2,Vihreät
1275,2,5,1,5,1,2,1,2,5,4,1,2,1,4,4,5,5,2,2,1,5,5,1,3,2,5,1,2,1,5,Vihreät
1276,4,2,1,4,4,2,2,2,1,4,2,2,2,2,2,5,5,1,1,1,5,4,2,2,2,4,1,4,1,5,Vihreät
1278,4,2,2,5,2,2,4,4,2,2,2,4,2,4,2,5,4,2,4,2,5,4,2,4,2,2,2,2,2,5,Vihreät
1279,2,4,1,4,2,4,4,4,5,4,1,2,2,2,4,5,5,4,4,1,5,5,1,1,2,4,2,4,1,5,Vihreät
1280,2,2,1,5,4,4,2,2,4,2,2,4,2,2,2,4,4,2,4,2,5,4,2,2,2,4,2,4,2,4,Vihreät
1281,2,4,1,4,2,2,4,2,4,2,2,2,2,2,2,4,4,2,4,2,5,4,2,2,2,4,2,2,2,4,Vihreät
1282,1,2,1,5,4,2,1,1,5,4,1,1,4,2,5,4,2,2,4,1,5,5,1,1,4,4,2,2,1,5,Vihreät
1283,2,4,1,5,2,1,1,1,5,1,1,3,2,4,1,4,5,1,1,1,5,4,1,1,1,2,2,4,1,5,Vihreät
1284,4,4,1,2,4,1,4,2,1,4,1,5,1,4,2,5,2,4,4,2,1,5,1,5,2,4,2,2,4,4,Kristillisdemokraatit
1285,5,2,2,2,5,2,4,5,1,1,4,5,2,5,1,3,1,1,5,5,1,2,1,5,3,2,4,4,2,4,Kristillisdemokraatit
1286,4,4,4,2,4,2,4,2,1,2,2,4,4,4,2,2,2,2,5,2,1,4,2,5,2,4,2,4,2,5,Kristillisdemokraatit
1287,4,3,1,2,2,1,4,1,2,2,4,3,4,4,3,2,3,2,3,3,1,4,4,5,4,4,2,3,4,4,Kristillisdemokraatit
1288,2,2,3,2,4,2,2,4,1,1,4,4,4,5,2,3,3,1,4,2,1,5,2,5,4,4,2,2,4,2,Kristillisdemokraatit
1290,4,2,2,2,4,2,2,2,2,2,2,4,2,4,2,3,3,4,4,2,3,2,4,5,2,3,2,2,3,4,Kristillisdemokraatit
1291,4,2,4,2,4,2,4,4,2,2,2,4,4,2,4,4,3,2,4,4,1,2,4,4,4,2,2,4,4,4,Kristillisdemokraatit
1293,4,4,4,4,4,2,4,2,2,1,2,5,2,4,1,4,1,1,5,2,1,2,4,5,4,2,2,2,4,4,Keskusta
1294,4,4,4,2,4,2,4,2,4,1,4,4,2,3,4,4,3,2,4,2,3,4,2,5,4,2,1,4,3,4,Keskusta
1295,5,4,2,2,5,4,2,2,4,1,2,4,4,4,2,4,1,2,5,2,2,2,2,5,2,1,2,4,2,2,Keskusta
1298,4,3,2,4,5,2,1,2,3,1,4,4,4,5,4,4,3,2,4,4,2,5,4,5,4,4,4,4,5,5,Keskusta
1301,4,4,4,2,4,2,5,4,4,2,2,4,5,4,2,4,3,2,5,4,3,2,2,4,4,2,1,4,3,4,Keskusta
1306,4,2,4,3,4,2,4,4,5,1,2,5,4,2,2,4,4,2,5,2,3,2,2,5,4,2,2,4,4,2,Keskusta
1308,4,2,4,4,4,4,4,1,1,2,1,5,2,5,2,4,4,1,4,4,2,2,4,5,2,2,2,4,2,4,Keskusta
1309,4,1,4,4,4,2,4,2,2,2,2,2,4,2,4,4,2,4,4,2,4,4,3,5,5,1,4,5,2,4,Kokoomus
1310,5,2,5,3,5,1,4,4,1,5,4,2,5,4,4,1,2,3,4,4,5,2,4,4,5,2,5,2,3,3,Kokoomus
1311,4,1,4,2,4,4,4,3,5,4,2,2,5,4,2,5,4,3,5,4,2,1,4,4,4,2,4,4,3,4,Kokoomus
1312,4,2,4,2,4,2,4,2,4,2,2,2,4,4,4,4,2,4,4,2,4,4,2,4,4,2,4,4,3,2,Kokoomus
1313,5,1,5,1,5,5,5,1,5,2,5,4,5,1,5,5,1,5,5,4,2,2,5,5,5,1,5,5,4,2,Kokoomus
1314,5,2,2,2,4,2,3,1,3,1,2,5,4,5,1,1,2,4,5,4,5,4,4,5,4,2,4,4,2,5,Kokoomus
1315,5,2,2,4,4,1,4,4,5,4,4,2,5,2,4,5,1,5,4,2,5,4,4,2,5,1,4,4,2,4,Kokoomus
1316,5,1,5,2,5,4,5,1,5,4,4,2,5,5,5,5,1,5,5,2,2,2,4,5,5,1,5,5,3,4,Kokoomus
1321,1,1,5,2,4,5,4,5,5,2,1,2,2,5,5,1,1,5,1,1,3,5,5,4,2,5,1,2,1,5,Piraattipuolue
1322,2,4,3,4,4,4,2,4,5,2,2,4,3,4,3,3,1,1,4,5,5,3,2,4,3,3,1,3,4,4,Piraattipuolue
1323,2,3,5,1,5,5,2,2,5,2,1,3,4,5,4,5,2,1,5,2,5,2,1,1,4,4,2,5,2,4,Piraattipuolue
1328,4,4,4,3,5,5,3,1,1,2,1,4,2,5,3,1,1,1,5,5,1,1,4,5,3,3,1,5,4,2,Perussuomalaiset
1329,2,4,4,2,5,5,2,2,2,1,1,4,3,5,1,1,1,2,5,5,2,1,4,5,4,2,2,2,1,2,Perussuomalaiset
1331,5,4,5,1,5,4,4,2,2,1,1,5,2,4,5,1,2,1,4,2,1,1,5,5,4,4,5,5,5,2,Perussuomalaiset
1332,4,5,4,4,5,5,1,4,5,1,1,4,4,5,1,1,4,1,5,5,1,2,1,4,1,5,1,2,5,4,Perussuomalaiset
1333,5,5,2,2,5,5,4,4,2,1,3,5,5,5,5,1,2,1,2,5,1,1,4,5,4,4,1,4,4,4,Perussuomalaiset
1334,4,2,1,2,4,1,4,4,3,2,4,4,2,5,2,5,2,2,4,2,5,4,2,4,4,3,2,4,4,2,RKP
1336,4,2,2,4,4,1,3,4,4,2,1,4,4,5,4,1,3,5,4,1,5,5,2,2,4,1,4,4,2,2,RKP
1338,5,1,4,2,5,1,5,2,4,2,4,4,4,5,5,5,2,5,5,1,5,5,1,2,4,1,5,5,4,4,RKP
1340,4,1,1,2,4,1,4,2,2,2,2,4,2,5,2,5,2,4,4,1,5,5,4,4,4,2,4,2,2,4,RKP
1344,4,2,2,2,4,2,4,2,4,4,4,4,4,4,3,4,2,2,2,2,5,4,2,4,4,2,2,4,4,2,RKP
1346,4,5,2,4,1,1,4,4,2,4,1,4,1,4,2,5,2,2,4,4,2,2,4,4,1,4,2,2,4,4,SDP
1347,2,4,2,2,2,1,2,2,2,2,1,2,2,4,1,5,5,2,4,4,5,5,2,4,2,4,2,2,4,5,SDP
1348,2,4,2,4,1,4,2,4,2,2,1,4,2,5,3,4,3,1,1,4,5,4,2,2,2,4,4,4,2,4,SDP
1350,4,4,4,3,1,1,4,5,4,4,1,2,4,4,1,5,3,1,4,2,5,4,4,4,1,5,1,1,2,4,SDP
1351,4,2,2,5,4,1,4,3,2,4,1,3,3,4,2,5,4,2,3,2,5,5,2,3,3,4,1,4,2,4,SDP
1354,2,4,2,4,1,2,2,2,4,4,1,2,2,2,2,4,4,1,2,4,5,4,2,2,2,4,2,2,2,4,SDP
1355,2,4,4,1,2,4,2,4,2,2,1,2,1,4,1,4,4,2,5,5,3,1,2,4,1,4,1,2,4,2,SDP
1356,2,4,2,4,2,2,2,4,4,4,2,2,2,2,2,4,4,4,2,2,5,5,1,4,1,5,1,2,4,4,SDP
1358,4,5,5,4,4,2,4,2,1,2,1,4,2,2,1,4,4,1,4,4,1,2,2,5,2,4,2,4,4,2,SDP
1359,1,4,1,4,1,2,1,2,2,1,1,5,2,5,2,5,5,1,1,4,5,5,1,1,1,5,1,1,1,5,SKP
1361,1,5,1,5,1,1,1,1,5,1,1,5,1,5,2,1,5,1,1,5,5,4,5,1,1,5,1,1,1,5,SKP
1362,1,5,2,4,1,4,1,5,3,4,1,5,1,4,3,4,5,1,2,1,5,5,2,2,1,4,1,2,2,5,Vasemmistoliitto
1363,1,1,1,5,1,2,1,1,2,1,1,4,1,4,2,4,5,1,1,2,5,5,4,1,1,5,2,1,1,5,Vasemmistoliitto
1365,1,5,1,4,1,4,1,1,4,1,1,5,1,5,1,4,5,1,1,4,5,2,1,2,1,4,1,1,1,5,Vasemmistoliitto
1366,1,5,2,2,1,2,1,2,2,1,1,5,1,5,2,2,5,1,2,4,5,4,1,1,1,5,1,1,2,4,Vasemmistoliitto
1367,2,3,1,4,1,4,2,2,3,2,1,2,1,4,2,4,5,1,2,5,5,5,2,3,2,3,1,1,2,4,Vasemmistoliitto
1368,2,4,3,1,3,4,4,2,2,2,1,5,4,5,4,1,1,2,3,3,5,3,2,5,4,4,2,2,5,5,Vasemmistoliitto
1369,1,4,1,4,1,2,2,4,2,2,1,4,1,5,1,3,5,1,1,4,5,5,4,2,1,5,1,1,1,5,Vasemmistoliitto
1370,1,5,2,4,1,2,1,3,5,1,1,2,2,5,2,5,5,1,1,1,5,5,4,1,1,5,1,1,2,5,Vasemmistoliitto
1371,2,2,1,4,1,4,1,4,2,4,1,5,1,5,2,2,5,1,2,4,4,4,4,4,2,5,2,1,2,4,Vasemmistoliitto
1372,1,5,1,4,1,4,1,1,2,1,1,5,1,5,1,4,4,1,2,2,5,5,1,1,1,5,1,1,1,4,Vasemmistoliitto
1373,1,5,4,4,1,2,1,3,2,2,1,5,1,5,1,3,5,1,3,5,4,2,1,1,1,5,1,1,2,4,Vasemmistoliitto
1374,1,5,4,4,1,2,2,4,1,1,1,4,1,5,1,3,5,1,2,2,5,4,2,2,1,5,1,1,1,5,Vasemmistoliitto
1375,1,5,1,4,1,2,1,4,4,1,1,4,1,4,1,2,5,1,2,1,5,5,2,1,1,5,1,1,1,5,Vasemmistoliitto
1376,5,2,1,4,4,4,2,5,4,5,3,1,2,2,4,5,4,5,2,2,5,4,2,3,3,2,4,4,2,4,Vihreät
1377,4,3,1,4,4,2,3,2,3,2,2,3,3,5,2,3,4,2,4,2,5,4,3,4,1,4,4,4,1,5,Vihreät
1378,3,4,2,2,2,4,2,4,2,2,2,2,2,2,4,4,4,3,3,2,5,5,2,2,2,4,1,2,2,5,Vihreät
1379,2,2,1,5,1,2,1,4,5,4,2,5,1,4,4,5,5,2,2,1,5,5,1,4,2,4,1,1,1,5,Vihreät
1380,2,3,1,5,2,1,1,2,3,4,1,4,1,2,2,5,4,1,2,1,5,5,1,1,2,4,1,1,1,5,Vihreät
1381,1,4,2,5,2,2,1,2,5,1,1,2,2,4,2,4,5,1,4,1,5,5,1,1,2,4,1,2,1,5,Vihreät
1382,2,5,1,5,4,4,4,2,3,2,2,2,1,4,1,2,4,1,1,2,5,4,2,1,1,5,1,1,1,5,Vihreät
1383,2,2,1,4,2,4,2,2,4,2,1,2,2,4,2,5,5,2,2,1,5,4,4,2,2,4,2,4,1,5,Vihreät
1384,2,2,1,4,1,1,2,1,4,4,1,4,2,5,2,5,3,2,5,1,5,5,1,5,4,5,5,1,5,5,Vihreät
1385,2,2,1,4,2,2,4,4,5,1,1,5,4,4,5,4,2,2,4,2,5,5,2,4,4,4,5,1,2,4,Vihreät
1386,2,4,1,4,4,4,2,2,4,4,1,4,1,2,4,4,4,2,3,1,5,5,1,1,1,4,1,4,1,5,Vihreät
1387,2,2,1,4,1,4,2,3,5,4,2,2,3,2,4,5,4,2,2,2,5,5,2,2,4,4,2,4,1,5,Vihreät
1388,1,4,1,5,2,5,1,1,5,2,1,1,2,2,2,4,5,4,2,1,5,5,1,2,2,4,1,1,1,5,Vihreät
1390,4,4,1,4,2,1,4,1,1,2,1,5,2,4,1,1,1,1,5,5,1,4,5,5,1,5,1,2,2,5,Kristillisdemokraatit
1393,4,1,2,2,4,2,2,1,2,2,4,5,2,2,4,5,2,4,5,4,2,4,5,5,4,2,5,4,4,2,Kristillisdemokraatit
1394,4,2,4,4,2,4,4,1,1,1,1,2,4,5,2,4,2,4,4,4,1,2,4,5,2,2,4,2,2,5,Kristillisdemokraatit
1395,3,2,3,2,1,3,2,5,2,1,2,3,2,4,5,2,3,3,4,4,1,5,2,5,3,4,4,2,2,5,Kristillisdemokraatit
1397,4,4,1,4,1,2,2,5,1,1,1,4,2,5,2,3,3,2,4,4,4,4,2,5,2,2,1,4,2,4,Kristillisdemokraatit
1398,4,3,1,4,2,1,2,4,1,1,2,4,3,2,4,2,4,4,4,2,1,5,2,5,2,4,2,4,1,4,Kristillisdemokraatit
1399,4,4,2,4,5,2,4,4,2,2,2,4,2,4,2,4,2,2,4,5,1,2,2,5,4,2,2,4,2,4,Kristillisdemokraatit
1400,4,4,4,5,4,1,5,1,1,4,5,4,5,5,4,3,1,1,5,4,1,5,5,5,5,4,5,4,5,2,Kristillisdemokraatit
1401,4,2,4,4,2,5,4,1,1,1,1,2,4,5,2,4,2,4,5,4,1,2,5,5,2,4,4,2,2,5,Kristillisdemokraatit
1402,4,1,4,2,4,2,4,2,4,1,2,4,2,4,2,4,1,2,5,4,2,4,4,4,4,1,4,2,4,2,Keskusta
1404,5,2,4,4,4,2,4,4,4,1,4,5,4,4,4,4,2,4,5,2,4,2,4,5,4,2,2,4,3,4,Keskusta
1405,4,2,2,2,4,4,4,4,2,2,2,4,4,4,1,4,1,2,5,4,2,4,4,4,4,2,1,2,2,4,Keskusta
1406,4,4,1,4,4,2,4,1,4,1,4,5,4,4,4,1,4,1,4,4,3,3,4,5,4,4,2,4,2,4,Keskusta
1408,4,4,4,2,4,2,4,2,2,1,1,4,2,4,2,2,1,1,4,4,1,2,2,5,2,4,2,2,4,2,Keskusta
1410,5,2,2,4,5,4,4,4,4,1,2,5,4,4,2,4,2,2,4,5,2,1,2,4,2,5,4,2,2,4,Keskusta
1411,4,2,1,4,4,1,4,4,2,1,2,4,2,2,2,4,2,2,5,2,4,2,1,4,4,2,2,4,1,4,Keskusta
1414,4,4,2,4,5,5,5,4,4,2,4,4,5,4,4,4,2,2,5,5,4,4,4,4,5,1,4,4,4,2,Keskusta
1415,4,2,2,4,4,3,2,4,4,1,2,4,2,4,4,2,4,2,4,4,3,3,4,4,4,2,1,3,4,4,Keskusta
1416,4,4,2,4,4,2,2,2,4,1,2,5,4,4,1,4,2,2,4,2,5,4,2,4,2,2,1,4,4,4,Keskusta
1418,4,4,4,4,4,5,4,2,4,1,4,4,2,4,4,5,2,1,4,2,5,4,4,4,4,2,2,2,2,4,Keskusta
1420,4,2,4,1,5,2,4,4,5,1,2,4,4,4,4,4,5,4,5,2,4,4,2,5,4,2,2,2,4,4,Kokoomus
1423,5,1,4,4,5,1,4,3,5,4,4,1,5,3,5,5,1,5,4,1,5,5,2,3,5,2,4,4,2,2,Kokoomus
1425,5,1,5,4,5,5,5,4,5,5,5,1,5,1,5,1,1,5,1,1,5,1,4,2,5,1,5,5,2,2,Kokoomus
1427,5,1,4,4,5,2,5,4,4,4,5,4,4,2,2,5,2,4,5,2,4,4,5,4,5,2,4,2,2,5,Kokoomus
1429,5,1,4,4,5,4,4,4,4,2,4,1,4,2,4,5,1,4,5,2,4,4,4,4,4,1,4,4,2,4,Kokoomus
1430,5,2,4,2,5,4,4,4,4,2,4,4,4,2,4,4,2,2,2,2,4,3,2,4,4,1,4,4,2,2,Kokoomus
1432,5,1,4,2,4,2,4,2,5,2,2,2,5,2,2,5,1,4,5,1,4,2,2,4,4,1,4,4,2,4,Kokoomus
1433,5,1,4,4,5,1,4,1,4,2,4,2,5,1,5,5,1,4,5,1,5,4,2,5,5,1,2,5,4,4,Kokoomus
1435,4,2,4,4,4,5,2,2,5,2,2,3,3,4,4,4,3,2,4,3,5,3,2,2,3,4,2,4,2,5,Piraattipuolue
1436,5,1,2,4,5,5,1,2,5,1,2,5,4,5,5,4,1,1,1,1,5,4,1,1,4,2,1,5,1,5,Piraattipuolue
1437,4,4,2,4,4,5,1,1,5,2,4,1,1,4,5,2,4,1,1,2,5,4,2,2,1,4,2,1,1,5,Piraattipuolue
1438,2,4,1,4,2,5,5,4,5,2,2,4,2,5,1,1,4,1,5,4,5,4,5,4,1,5,2,4,3,4,Perussuomalaiset
1439,4,2,4,4,4,5,2,4,4,1,1,4,2,5,2,2,1,1,5,5,5,1,4,5,2,4,2,2,2,4,Perussuomalaiset
1440,4,4,2,2,4,5,2,2,5,1,2,5,4,5,1,1,1,2,5,4,2,1,5,5,2,5,2,4,2,4,Perussuomalaiset
1441,5,2,4,1,4,3,3,4,4,1,4,5,5,5,5,2,1,3,5,4,2,4,2,5,4,2,4,4,4,4,Perussuomalaiset
1443,2,4,2,2,4,4,2,2,1,1,2,5,1,2,2,1,2,1,5,4,2,1,2,4,1,4,4,2,4,4,Perussuomalaiset
1444,4,4,4,2,4,5,2,1,4,1,1,4,2,5,4,2,1,2,5,5,3,1,4,5,4,2,2,4,4,4,Perussuomalaiset
1445,5,5,4,2,5,5,2,4,5,1,4,4,3,5,3,1,1,1,5,4,3,1,5,4,2,1,1,4,4,4,Perussuomalaiset
1446,5,2,4,2,5,5,4,1,4,1,4,5,2,5,5,1,1,1,5,5,1,1,4,5,2,1,2,4,2,2,Perussuomalaiset
1447,2,4,4,4,3,4,4,2,4,2,2,4,4,4,4,2,3,1,5,4,3,2,4,4,2,4,2,4,4,4,Perussuomalaiset
1448,5,2,2,1,5,5,4,4,4,1,4,4,2,5,4,2,1,2,5,5,2,1,5,4,4,2,4,5,4,4,Perussuomalaiset
1450,2,5,2,1,4,4,4,4,1,1,1,4,1,4,4,1,1,1,5,5,2,1,3,4,2,2,1,2,4,4,Perussuomalaiset
1451,4,2,4,4,4,5,4,2,4,2,2,4,2,5,4,5,1,1,4,5,2,2,4,4,2,3,4,4,3,4,Perussuomalaiset
1452,4,1,2,1,5,5,4,4,5,1,2,2,2,5,2,1,1,2,5,5,2,1,5,4,2,2,4,5,4,2,Perussuomalaiset
1453,1,5,5,4,5,5,2,4,3,2,2,3,2,5,4,1,1,1,5,5,1,1,5,5,1,2,1,3,5,2,Perussuomalaiset
1454,4,2,5,3,4,5,4,2,5,1,1,4,2,4,4,1,2,1,5,5,3,1,4,5,4,2,4,4,5,4,Perussuomalaiset
1455,4,2,4,4,4,1,2,1,4,2,4,4,4,4,4,4,2,4,4,1,5,5,1,3,4,2,2,2,2,5,RKP
1456,5,2,5,4,4,1,4,1,4,2,4,4,5,4,2,5,2,5,5,1,5,5,3,4,4,2,4,4,2,5,RKP
1457,2,4,1,5,2,4,4,2,4,2,1,2,2,2,2,4,4,3,2,4,5,4,4,2,2,2,2,2,2,4,SDP
1458,4,5,4,4,2,5,4,2,2,2,1,2,1,4,2,4,5,1,4,4,4,5,2,4,1,5,1,2,4,4,SDP
1459,1,5,5,4,2,2,1,1,1,1,1,4,1,5,1,5,1,1,5,4,5,5,4,5,1,5,1,1,4,5,SDP
1460,2,4,2,4,2,4,4,1,5,1,1,4,1,5,5,2,3,2,5,4,5,2,4,4,1,4,1,4,2,2,SDP
1461,4,4,2,4,1,1,2,3,4,2,1,4,1,1,1,5,5,1,4,4,5,5,1,4,1,3,2,2,2,5,SDP
1462,2,4,4,2,2,4,2,4,4,2,1,2,1,4,2,2,4,1,2,5,4,2,4,1,1,5,2,1,4,2,SDP
1466,2,4,1,4,1,4,1,2,3,2,1,2,1,2,2,4,5,1,2,2,5,5,1,1,1,5,1,2,2,5,SDP
1467,2,2,4,5,1,2,2,1,1,1,1,4,2,4,2,4,2,1,4,5,5,4,4,4,2,4,1,2,2,4,SDP
1468,4,4,1,2,4,2,4,4,2,2,1,4,1,4,1,4,5,1,4,4,5,4,4,4,1,4,2,2,2,4,SDP
1469,5,5,2,3,2,2,3,2,4,2,1,1,1,5,4,4,3,1,4,1,2,4,4,2,2,2,3,2,3,4,SDP
1470,2,2,2,4,2,1,2,4,4,1,1,4,2,5,2,5,5,2,2,2,5,4,3,1,2,4,1,1,2,4,SDP
1471,1,1,1,2,1,2,1,4,1,1,1,5,1,5,1,1,5,1,1,5,5,5,2,2,1,5,1,1,2,4,SKP
1479,1,4,1,4,1,4,1,1,4,1,1,5,1,5,2,1,4,1,1,3,5,5,1,1,1,5,1,1,1,5,SKP
1480,1,3,1,5,1,1,1,4,4,1,1,5,1,5,2,1,5,1,1,3,5,5,1,1,1,5,1,1,1,5,SKP
1484,1,5,1,4,1,1,1,1,4,2,1,2,1,4,1,2,5,1,2,1,5,5,1,1,1,5,1,1,1,5,Vasemmistoliitto
1487,1,5,1,5,1,1,1,4,5,5,1,1,1,1,5,5,5,1,5,1,5,5,1,1,1,5,5,5,1,5,Vasemmistoliitto
1489,1,2,1,5,1,2,1,1,2,2,1,4,1,4,1,3,5,1,2,1,5,5,1,1,1,5,1,1,1,5,Vasemmistoliitto
1491,1,5,1,5,1,1,1,2,2,2,1,4,1,2,2,4,5,1,2,4,5,5,1,2,1,5,1,1,2,5,Vasemmistoliitto
1492,1,5,1,5,1,1,1,4,1,3,1,2,1,2,4,3,5,1,2,5,5,5,1,1,1,5,1,1,1,5,Vasemmistoliitto
1493,1,5,4,2,1,5,1,1,3,1,1,5,1,5,3,1,5,1,1,1,5,5,1,3,1,5,1,1,5,3,Vasemmistoliitto
1495,2,4,1,5,2,2,2,3,2,1,2,4,1,2,4,2,1,1,2,4,5,5,1,4,1,4,1,2,2,4,Vasemmistoliitto
1496,1,4,1,4,1,1,1,2,2,1,1,5,1,2,1,2,5,1,5,5,5,5,4,1,1,5,1,1,1,5,Vasemmistoliitto
1497,1,4,1,4,1,3,2,1,4,1,1,4,1,4,2,2,5,1,1,4,5,4,1,1,1,5,1,1,2,5,Vasemmistoliitto
1498,1,5,1,4,2,4,1,4,2,1,1,4,1,5,1,2,4,1,4,3,4,4,4,1,1,5,1,1,4,5,Vasemmistoliitto
1501,2,2,1,4,2,2,2,2,5,2,2,3,2,2,3,4,5,2,3,1,5,5,2,2,2,4,1,2,1,5,Vihreät
1502,3,3,1,4,2,2,2,3,2,1,2,4,2,4,4,4,4,3,4,1,5,4,2,4,3,3,2,2,2,5,Vihreät
1503,2,2,1,5,2,2,2,2,2,4,1,2,2,2,2,5,5,1,2,1,5,5,2,2,2,4,1,2,1,5,Vihreät
1504,1,2,1,4,2,2,1,2,5,4,1,1,1,2,5,5,5,1,1,1,5,5,1,1,2,5,2,1,1,5,Vihreät
1505,2,4,1,5,2,2,2,4,2,4,1,2,1,2,4,4,5,1,2,2,5,4,2,1,1,4,1,2,1,5,Vihreät
1506,2,4,1,5,1,4,1,1,5,4,1,2,1,2,2,4,5,1,2,2,5,5,1,2,2,4,1,1,1,5,Vihreät
1507,2,2,1,4,2,2,1,1,4,2,2,2,2,2,4,5,4,3,4,2,5,4,2,2,4,4,2,2,1,4,Vihreät
1509,2,4,2,4,2,2,1,2,4,2,1,1,1,2,2,4,5,1,2,2,5,4,1,1,1,4,1,2,1,5,Vihreät
1510,2,4,1,5,2,2,1,4,4,2,2,2,2,2,4,5,5,2,2,1,5,5,2,2,2,4,1,2,1,5,Vihreät
1511,4,4,2,5,2,4,1,4,5,4,5,1,1,2,5,5,5,4,5,2,5,5,1,1,2,4,1,2,1,5,Vihreät
1512,2,4,1,5,2,2,1,2,5,4,2,5,2,2,5,5,5,2,1,1,5,5,2,1,2,5,2,1,1,5,Vihreät
1514,2,2,1,5,1,2,2,2,4,2,1,3,1,4,4,5,5,1,2,1,5,5,1,1,2,4,1,2,1,5,Vihreät
1515,4,2,2,2,5,2,5,4,5,2,2,2,3,4,5,5,4,5,5,2,5,5,4,4,4,1,4,4,2,4,Vihreät
1516,4,2,2,2,2,1,4,1,1,2,2,2,2,4,2,5,3,2,5,1,4,4,4,4,2,4,1,2,2,4,Kokoomus
1519,2,4,1,5,2,4,1,2,5,4,1,2,1,4,4,5,5,2,2,1,5,5,1,1,2,5,1,2,1,5,Vihreät
1520,2,4,1,4,1,2,2,4,4,4,2,2,1,4,5,4,5,2,2,1,5,5,2,1,2,4,2,2,2,4,Vihreät
1521,4,4,1,5,1,2,1,1,5,1,1,5,5,5,5,5,3,1,1,1,5,5,1,4,2,5,1,1,1,5,Vihreät
1522,4,4,1,4,1,2,1,2,4,4,2,5,2,2,1,4,4,1,2,4,5,2,1,1,4,4,2,2,1,5,Vihreät
1523,2,5,2,5,3,4,4,4,1,4,2,1,2,2,2,4,4,2,1,3,5,4,3,1,2,4,2,4,1,5,Vihreät
1524,4,4,2,5,4,2,2,5,2,5,1,1,2,4,1,5,4,5,4,2,5,5,5,1,1,4,4,2,1,5,Vihreät
1525,2,4,4,4,4,4,2,4,4,4,2,2,2,4,4,4,4,2,2,2,4,4,2,2,4,2,2,2,2,5,Vihreät
1526,4,2,1,4,2,2,1,4,5,5,1,1,1,2,2,5,4,1,4,1,5,5,1,1,2,5,1,1,1,5,Vihreät
1527,2,2,1,4,2,2,2,2,5,4,2,4,2,2,4,4,3,2,4,2,5,5,2,2,2,4,2,2,1,5,Vihreät
1528,1,5,1,5,1,5,1,5,2,1,1,5,1,5,1,1,5,1,1,1,5,5,1,2,1,4,1,1,1,5,Vasemmistoliitto
1529,1,5,1,5,1,2,2,4,4,2,1,5,1,4,1,2,5,1,1,1,5,5,1,1,1,5,1,1,1,5,Vasemmistoliitto
1532,2,5,4,1,2,2,2,4,4,2,1,5,1,2,1,4,5,1,4,4,1,2,1,4,1,5,1,1,2,4,Vasemmistoliitto
1533,4,2,4,2,4,4,3,4,4,2,3,3,4,2,2,4,2,3,4,2,3,4,3,4,3,2,3,4,3,4,Kokoomus
1534,5,2,2,4,5,2,4,2,2,4,2,1,5,3,4,5,4,5,4,1,5,3,2,4,4,2,4,4,2,4,Kokoomus
1536,4,5,5,2,5,5,1,1,4,2,1,4,3,4,3,4,3,1,5,1,1,1,5,4,2,4,1,5,5,2,Perussuomalaiset
1537,2,5,1,2,5,3,1,4,4,1,1,5,4,5,4,2,4,1,4,4,3,3,4,4,4,2,1,2,4,4,Perussuomalaiset
1538,5,1,4,1,4,5,4,1,5,1,5,5,5,5,5,1,1,4,5,5,2,1,4,4,5,1,5,5,4,4,Perussuomalaiset
1541,4,5,4,4,4,5,5,5,5,1,1,1,1,5,5,2,5,2,1,5,5,1,5,2,4,2,1,5,4,2,Perussuomalaiset
1543,4,2,5,2,5,5,4,4,5,2,2,4,4,4,4,3,2,2,5,2,2,1,4,5,4,2,4,3,4,2,Perussuomalaiset
1545,4,1,4,4,5,2,4,2,4,5,2,1,4,4,2,4,4,5,5,2,3,4,2,5,4,1,4,2,2,4,Perussuomalaiset
1546,2,4,1,2,4,2,4,2,5,2,2,4,4,5,4,2,1,1,5,4,1,2,2,5,2,2,2,2,2,4,Perussuomalaiset
1547,4,4,5,2,4,5,2,1,1,1,2,4,4,4,1,1,2,1,5,5,1,4,4,5,2,2,2,4,1,4,Perussuomalaiset
1548,5,2,4,2,4,5,2,4,5,1,2,4,3,4,4,1,1,2,5,5,2,1,4,5,3,1,4,4,5,4,Perussuomalaiset
1549,4,5,4,4,5,5,2,4,2,2,2,4,1,4,5,1,1,2,5,5,1,1,2,5,5,1,4,5,4,4,Perussuomalaiset
1550,5,2,5,5,5,5,1,1,5,1,4,4,1,5,5,1,1,2,5,2,5,5,5,5,2,1,1,4,2,4,Perussuomalaiset
1551,4,5,4,2,4,5,3,2,2,2,1,5,1,5,2,2,4,2,4,5,3,4,5,5,2,3,1,2,4,2,Perussuomalaiset
1553,5,4,5,2,2,5,2,2,2,5,1,3,1,5,1,1,1,1,5,4,1,2,5,5,1,5,4,2,5,2,Perussuomalaiset
1557,1,5,5,4,4,5,2,4,5,1,1,2,1,4,4,1,1,1,5,5,2,1,5,1,2,5,1,2,4,4,Perussuomalaiset
1558,4,4,5,4,4,5,4,4,4,1,1,5,5,4,5,1,2,1,5,5,1,1,4,5,2,4,2,2,4,2,Perussuomalaiset
1559,4,2,3,4,4,5,4,2,4,1,1,4,2,4,4,1,2,4,5,5,2,1,4,4,4,1,4,4,4,4,Perussuomalaiset
1560,2,5,5,4,4,2,2,1,4,1,1,4,4,4,2,1,2,4,5,5,4,1,4,4,4,4,2,4,4,2,Perussuomalaiset
1561,4,4,4,2,5,5,4,4,2,1,2,4,2,4,5,2,2,1,5,5,2,4,4,5,2,2,4,5,4,4,Perussuomalaiset
1562,2,4,1,1,5,5,1,2,5,1,1,5,1,5,1,4,4,3,5,5,1,4,1,4,1,5,1,1,4,4,Perussuomalaiset
1563,2,4,1,4,2,2,2,4,2,1,1,5,1,4,3,1,4,1,5,2,4,4,2,2,1,4,1,2,1,4,Itsenäisyyspuolue
1565,4,4,4,4,5,5,4,5,1,2,4,4,2,5,2,2,4,1,5,4,1,4,5,5,2,4,1,5,1,5,Itsenäisyyspuolue
1566,2,5,1,4,5,1,4,5,5,1,1,5,1,5,2,1,5,1,4,4,5,5,3,3,1,5,2,1,2,5,Itsenäisyyspuolue
1568,4,3,1,2,3,2,3,3,1,1,1,4,2,4,5,1,5,1,4,4,5,4,2,4,2,3,1,1,1,5,Itsenäisyyspuolue
1569,2,2,5,4,5,5,5,5,1,1,5,4,5,4,1,1,5,1,5,2,1,2,5,5,2,5,2,5,5,4,Itsenäisyyspuolue
1570,4,4,2,2,5,2,4,4,1,1,4,5,2,5,2,1,2,1,5,4,1,3,5,5,1,4,3,4,4,5,Itsenäisyyspuolue
1571,2,1,2,2,5,5,1,2,5,1,2,5,5,5,5,1,1,1,5,5,1,1,4,5,1,1,2,5,2,4,Itsenäisyyspuolue
1572,4,5,3,2,5,5,4,4,5,2,4,4,3,4,4,4,3,1,2,5,3,3,5,1,4,1,2,4,4,2,Itsenäisyyspuolue
1575,1,4,1,2,2,5,1,4,3,1,1,2,1,5,2,1,5,1,5,2,3,4,2,2,2,2,2,1,1,4,Itsenäisyyspuolue
1577,2,2,2,2,1,5,2,4,3,2,1,5,1,5,2,1,2,1,5,5,2,1,4,5,1,4,2,1,4,4,Itsenäisyyspuolue
1579,4,4,5,2,4,5,4,2,2,4,1,4,2,4,2,1,3,1,5,5,4,1,4,5,4,2,2,4,4,4,Itsenäisyyspuolue
1581,5,5,1,4,4,5,2,1,5,1,1,5,5,5,2,1,1,1,5,5,2,2,4,5,1,3,1,1,1,5,Itsenäisyyspuolue
1582,3,4,2,4,2,5,1,1,5,1,1,4,1,5,4,1,4,1,3,5,4,1,3,3,1,4,1,1,1,2,Itsenäisyyspuolue
1584,1,5,2,4,4,5,1,4,4,1,1,5,1,5,1,1,1,1,4,4,4,4,4,2,1,5,1,1,1,5,Itsenäisyyspuolue
1587,1,2,1,4,3,4,1,2,5,1,1,5,2,5,3,1,1,1,5,4,3,4,5,5,1,3,1,5,1,5,Itsenäisyyspuolue
1589,2,4,1,2,4,1,1,1,5,1,1,4,1,5,4,5,4,1,4,4,3,1,4,4,1,4,1,1,1,5,Itsenäisyyspuolue
1591,1,4,1,5,1,4,2,1,1,2,1,5,1,5,2,5,1,1,5,5,5,4,4,4,1,1,2,1,1,5,Itsenäisyyspuolue
1592,3,4,1,3,3,4,3,3,3,3,3,3,3,3,3,1,3,1,1,4,4,3,3,3,3,4,1,2,1,5,Itsenäisyyspuolue
1593,1,4,1,2,1,4,2,3,4,1,1,5,1,5,2,1,4,1,5,4,2,2,3,3,1,5,1,1,2,2,Itsenäisyyspuolue
1594,1,5,1,4,5,5,2,2,5,1,1,4,1,5,4,1,5,1,5,5,5,1,4,4,1,5,2,1,4,4,Itsenäisyyspuolue
1596,1,4,1,5,1,5,2,4,4,1,1,5,1,5,4,1,5,1,2,4,5,5,1,2,1,5,1,1,2,5,Itsenäisyyspuolue
1598,1,1,1,4,1,5,1,5,5,1,1,5,1,5,5,1,1,1,5,5,2,1,1,5,1,1,1,1,2,4,Itsenäisyyspuolue
1599,5,5,1,4,5,2,2,2,4,1,2,5,5,5,3,1,5,1,2,5,4,5,5,4,4,4,1,1,2,5,Itsenäisyyspuolue
1600,4,4,2,4,4,5,2,1,5,1,1,5,4,4,1,5,3,1,5,5,1,2,5,4,2,4,1,4,2,4,Itsenäisyyspuolue
1601,1,5,1,4,1,5,1,2,3,1,1,5,1,5,2,1,1,1,5,5,4,4,2,4,1,5,1,2,1,5,Itsenäisyyspuolue
1602,4,4,2,3,5,4,4,2,4,3,4,4,2,4,2,1,3,1,4,4,3,4,4,4,3,4,2,4,3,4,Itsenäisyyspuolue
1604,4,2,5,2,5,2,5,4,4,1,4,5,5,2,4,1,4,5,4,4,2,5,4,4,4,2,4,5,2,5,Itsenäisyyspuolue
1607,2,4,4,2,2,5,2,3,2,1,1,5,2,5,1,1,4,1,4,5,4,2,4,4,1,5,1,1,1,5,Itsenäisyyspuolue
1608,2,4,1,4,3,5,1,1,2,2,1,4,1,5,2,1,5,1,5,5,5,4,1,4,1,3,1,1,1,5,Itsenäisyyspuolue
1610,2,3,3,4,1,5,1,3,4,1,1,4,1,5,3,1,3,1,2,4,4,3,4,3,1,3,2,2,1,4,Itsenäisyyspuolue
1611,4,3,2,2,5,5,5,1,2,1,1,2,1,5,5,1,5,1,3,5,1,1,5,5,1,1,2,5,4,1,Itsenäisyyspuolue
1612,2,4,3,2,4,4,1,2,4,1,1,4,1,4,2,1,3,1,4,4,5,1,2,2,2,4,1,2,3,2,Itsenäisyyspuolue
1616,5,5,1,4,5,5,5,1,1,1,1,5,1,5,1,1,1,1,5,5,1,1,5,5,1,4,1,5,1,5,Itsenäisyyspuolue
1617,2,2,1,5,5,1,2,2,4,1,5,5,5,5,1,1,1,1,5,4,4,4,2,5,5,1,2,5,1,5,Itsenäisyyspuolue
1620,2,5,2,3,5,5,1,4,4,1,1,5,3,5,5,1,1,1,5,5,3,1,5,4,1,3,1,1,3,5,Itsenäisyyspuolue
1622,1,1,1,4,1,3,1,2,3,1,1,4,1,5,2,1,3,1,5,4,1,2,2,5,1,3,4,2,2,5,Itsenäisyyspuolue
1623,4,5,1,4,5,3,3,4,4,1,4,4,1,5,2,1,1,1,4,5,2,2,4,4,1,4,1,2,3,4,Itsenäisyyspuolue
1627,1,4,2,4,1,5,1,1,5,1,1,5,1,5,2,1,1,1,4,3,5,3,3,3,1,5,1,1,4,3,Itsenäisyyspuolue
1630,2,5,1,4,2,5,2,2,2,1,2,4,2,4,4,1,4,1,4,5,4,4,4,4,1,3,1,2,2,4,Itsenäisyyspuolue
1633,5,1,4,5,5,5,1,4,5,2,5,1,5,2,5,4,1,4,4,1,5,4,4,1,4,2,5,2,2,4,Piraattipuolue
1634,4,3,4,4,4,5,1,4,5,1,5,1,4,5,5,4,1,1,1,1,5,4,2,2,4,2,3,2,1,5,Piraattipuolue
1635,2,5,5,5,2,5,1,4,5,1,2,1,1,5,5,5,5,1,4,1,5,5,1,2,1,5,1,1,1,5,Piraattipuolue
1637,4,2,4,4,4,5,1,2,5,2,4,2,2,4,5,5,2,4,2,4,5,4,1,4,2,4,2,4,1,4,Piraattipuolue
1639,3,4,4,1,4,2,2,2,5,1,2,4,3,4,5,2,3,1,3,3,5,5,4,1,1,4,1,3,5,2,Piraattipuolue
1640,2,2,5,2,4,5,3,3,5,3,4,1,3,4,5,2,2,5,4,1,5,3,2,1,2,4,2,4,4,5,Piraattipuolue
1642,2,4,1,2,5,5,2,1,5,1,2,4,1,5,2,1,1,1,4,2,5,2,4,4,1,2,4,4,2,4,Piraattipuolue
1644,4,1,1,2,5,5,1,4,5,2,4,2,4,3,5,1,3,1,2,2,5,1,2,2,5,2,5,4,2,4,Piraattipuolue
1645,2,2,4,5,4,5,1,2,5,2,2,2,4,5,5,4,4,1,5,2,5,4,1,1,4,4,4,4,2,4,Piraattipuolue
1646,4,1,3,2,5,5,1,1,5,1,3,4,3,5,4,1,2,3,4,3,4,1,4,3,1,3,4,4,1,4,Piraattipuolue
1647,2,3,4,5,4,5,1,2,5,3,4,2,4,4,5,4,3,3,4,1,5,5,1,1,4,4,4,4,1,4,Piraattipuolue
1648,2,2,4,4,4,5,3,4,4,4,2,2,2,4,4,4,5,1,2,1,5,3,2,1,2,4,2,2,2,5,Piraattipuolue
1649,4,2,5,4,2,5,2,2,5,2,2,4,4,4,4,4,4,3,2,2,5,4,3,1,2,4,2,4,4,5,Piraattipuolue
1650,5,2,3,4,5,4,5,2,5,4,5,1,5,2,5,5,3,5,4,1,5,4,4,4,4,1,4,4,4,5,Kokoomus
1652,1,5,2,5,1,2,1,2,4,2,1,5,1,5,2,2,5,1,1,1,5,4,1,1,1,5,1,1,1,5,Vasemmistoliitto
1653,2,4,1,4,1,4,1,2,3,1,1,2,1,5,2,2,4,1,2,1,5,5,1,3,1,5,1,1,1,5,Vasemmistoliitto
1654,2,4,1,4,1,4,4,2,2,2,1,4,1,4,3,4,4,1,2,2,5,5,2,2,2,4,1,1,1,5,Vasemmistoliitto
1655,1,5,1,5,1,2,1,1,5,1,1,2,1,4,2,4,5,1,2,1,5,4,1,2,1,5,1,1,1,5,Vasemmistoliitto
1656,1,4,2,4,2,2,2,4,4,2,1,4,2,4,2,4,5,1,4,2,5,4,2,1,1,4,1,2,2,2,Vasemmistoliitto
1657,5,2,2,4,5,3,4,2,4,3,2,2,4,4,4,5,2,4,4,2,5,5,4,2,4,2,4,4,2,4,Kokoomus
1658,4,4,4,4,2,3,2,4,2,1,2,4,2,4,2,2,2,1,4,4,2,2,5,4,2,4,2,2,1,4,Keskusta
1659,4,2,4,2,5,1,4,2,4,2,4,2,4,2,4,5,1,3,5,1,5,4,1,5,5,2,4,5,3,4,Keskusta
1661,4,2,2,4,4,1,4,3,2,1,5,3,2,4,3,5,2,2,4,1,4,3,3,4,4,2,4,2,2,4,Keskusta
1663,4,2,2,4,5,4,4,1,4,2,5,4,5,1,4,4,1,2,4,4,3,2,4,4,4,1,3,4,3,4,Keskusta
1664,4,4,3,3,3,2,4,4,2,2,2,4,2,4,2,3,2,2,4,3,3,4,4,4,3,4,2,2,2,4,Keskusta
1665,5,1,2,2,4,2,2,2,2,2,1,4,4,2,4,4,1,4,5,4,4,4,2,1,2,1,2,4,2,4,Keskusta
1666,4,2,2,4,4,4,4,4,2,2,2,5,2,5,4,4,2,2,4,4,1,4,4,5,4,2,2,4,4,4,Keskusta
1669,2,2,1,4,1,1,2,4,2,2,1,4,2,4,2,4,4,1,2,4,1,4,2,2,1,4,1,1,2,4,Vasemmistoliitto
1671,4,4,4,4,2,1,2,2,2,2,1,4,2,2,2,4,5,1,4,4,4,5,2,4,1,4,1,2,2,4,SDP
1672,4,2,4,4,1,1,2,1,2,2,1,2,1,4,2,5,5,1,4,4,5,5,1,1,1,4,1,4,2,4,SDP
1675,4,2,4,2,2,2,2,2,2,2,1,2,2,4,2,4,3,1,2,4,5,4,2,4,2,2,2,2,2,4,SDP
1678,2,5,4,4,2,2,2,2,2,4,1,4,2,4,4,4,5,1,4,1,5,5,4,1,1,5,1,1,2,5,SDP
1679,4,4,1,4,3,1,2,3,2,2,1,4,2,2,2,5,4,5,5,5,5,5,2,2,2,4,1,4,2,5,SDP
1680,4,2,2,4,1,2,2,4,2,4,1,4,1,2,2,1,4,2,4,4,4,4,2,4,2,2,2,2,2,4,SDP
1681,4,1,4,4,1,1,5,5,4,2,1,4,1,4,5,5,5,2,5,5,5,2,1,4,1,4,4,1,1,4,SDP
1682,1,5,5,4,1,1,2,5,5,4,1,4,1,2,4,5,5,1,2,1,5,5,5,3,1,5,1,1,5,5,SDP
1683,1,4,1,4,1,1,1,4,1,2,1,5,1,5,1,2,5,1,2,2,5,5,2,2,1,5,1,2,2,5,SDP
1684,2,5,2,2,4,1,2,2,1,1,1,5,1,5,1,4,2,1,2,2,4,4,2,4,2,4,1,2,2,2,SDP
1685,2,2,5,4,2,4,1,2,4,2,1,2,1,4,4,4,5,2,2,2,5,5,1,1,2,5,2,2,1,5,Vihreät
1687,2,4,1,4,2,2,2,4,2,2,1,5,2,4,2,5,5,2,4,2,5,4,2,4,2,4,1,4,1,5,Vihreät
1688,4,1,5,2,2,1,4,1,5,2,5,4,5,1,5,5,3,5,5,1,5,2,5,4,5,2,4,5,4,4,Keskusta
1689,4,2,2,4,4,2,4,2,3,2,2,3,4,2,2,4,2,3,4,2,4,4,3,2,4,2,2,4,2,4,Keskusta
1691,2,2,1,5,2,1,2,2,2,2,1,4,2,4,2,2,3,2,2,2,5,4,2,2,2,4,2,2,1,5,Vihreät
1692,2,4,1,4,4,2,2,2,2,4,1,4,2,4,5,4,4,1,5,2,3,4,4,4,2,4,2,4,2,4,Vihreät
1693,5,5,1,5,5,1,1,5,5,4,1,2,4,1,5,5,5,1,2,1,5,5,1,1,4,1,1,4,1,5,Vihreät
1694,2,4,2,2,1,2,2,4,2,2,1,5,1,5,2,4,4,1,2,4,4,4,1,2,1,5,1,2,2,4,Vasemmistoliitto
1699,4,3,2,3,5,1,2,2,2,4,1,5,4,4,5,4,4,4,4,2,4,4,4,4,4,4,4,4,4,2,RKP
1701,2,4,1,4,1,2,1,4,4,2,1,2,2,1,4,5,5,1,4,1,5,5,1,1,2,4,1,1,1,5,Vihreät
1702,1,4,1,4,1,1,1,1,4,4,1,4,1,2,2,5,5,1,1,2,5,5,1,1,2,4,1,2,1,5,Vihreät
1703,4,4,1,5,2,2,2,4,2,4,2,4,2,2,1,5,5,2,2,2,5,4,2,1,3,4,2,2,1,5,Vihreät
1704,2,4,1,5,2,5,2,2,5,2,2,4,2,4,4,5,5,4,2,2,5,4,1,2,2,4,2,2,1,5,Vihreät
1705,2,2,2,3,4,4,2,4,4,2,2,4,2,4,2,4,2,2,4,4,4,3,4,3,2,2,3,2,2,5,Vihreät
1706,2,4,4,4,2,5,1,2,4,2,1,4,1,2,2,2,5,1,4,5,5,2,4,2,1,5,1,1,4,4,Vasemmistoliitto
1707,2,2,1,4,2,2,2,4,4,2,2,4,2,2,4,5,2,2,2,2,5,5,1,2,2,4,2,2,1,5,Vihreät
1711,4,3,4,2,5,5,2,5,5,4,5,1,5,3,5,4,4,5,2,1,5,1,2,2,4,2,2,4,4,3,Piraattipuolue
1713,2,2,3,4,4,5,2,2,5,2,4,4,4,4,4,4,3,2,2,2,5,5,2,1,4,4,4,5,3,4,Piraattipuolue
1714,4,4,1,2,4,5,1,4,5,3,1,1,1,5,5,2,3,2,2,4,4,2,1,3,4,2,4,1,4,4,Piraattipuolue
1716,3,4,4,4,3,5,1,4,5,2,2,3,3,4,5,4,4,2,3,1,5,4,1,2,3,4,2,3,1,5,Piraattipuolue
1719,5,2,5,3,5,5,3,2,5,4,4,3,5,4,5,4,1,4,3,2,5,4,1,1,5,1,5,4,3,2,Piraattipuolue
1720,2,2,4,4,5,4,2,3,4,4,5,1,4,1,5,3,2,4,2,2,4,4,1,1,4,2,3,4,1,5,Piraattipuolue
1721,4,2,4,5,4,5,2,3,5,5,5,1,4,3,5,5,2,2,4,2,5,3,2,1,4,2,3,2,2,5,Piraattipuolue
1724,2,4,1,4,1,5,1,2,5,3,1,4,2,4,4,2,3,1,3,3,5,3,2,2,1,3,2,2,1,5,Piraattipuolue
1725,5,2,4,2,5,2,1,1,5,4,4,1,5,2,5,4,1,3,4,2,5,4,1,1,5,1,5,5,2,4,Piraattipuolue
1728,4,1,5,1,5,5,1,1,5,1,1,4,4,2,5,3,1,2,2,4,5,2,4,1,2,2,4,4,5,2,Piraattipuolue
1729,4,2,5,4,5,5,1,4,5,1,2,4,3,4,5,4,3,1,2,1,5,3,4,1,4,2,5,2,2,5,Piraattipuolue
1731,4,1,4,3,4,5,4,2,5,2,1,2,3,5,4,2,1,1,3,4,5,5,5,4,2,2,5,2,4,5,Piraattipuolue
1732,2,2,1,5,2,2,2,2,2,4,1,2,2,2,2,4,3,2,2,2,5,4,1,2,2,4,1,2,1,5,Vihreät
1733,2,2,1,5,1,3,1,4,5,2,2,2,1,4,4,5,5,3,3,1,5,5,1,2,2,4,2,2,1,5,Vihreät
1734,4,4,1,4,5,2,2,2,4,2,2,2,4,4,2,2,2,2,2,2,4,4,2,2,4,2,2,4,2,4,Vihreät
1739,4,5,1,4,4,2,4,1,5,4,1,5,4,3,4,4,3,2,2,2,5,2,4,2,3,4,1,4,1,5,Vihreät
1742,1,5,1,5,1,1,2,2,2,1,1,5,1,5,3,1,5,1,1,2,1,5,1,1,1,4,1,1,1,4,SKP
1748,1,4,1,4,1,1,1,2,1,1,1,1,1,5,1,1,4,1,1,2,5,5,1,1,1,5,1,1,1,5,SKP
1749,5,2,4,1,5,5,2,2,5,1,2,4,4,4,5,2,2,2,5,5,2,1,4,4,2,2,5,4,4,2,Muutos 2011
1750,5,1,5,4,5,4,5,2,5,4,4,1,5,2,5,5,1,5,4,2,4,3,4,4,4,1,4,4,4,4,Kokoomus
1751,1,4,1,5,1,1,1,2,4,1,1,5,1,4,1,5,5,1,1,5,5,4,1,1,1,5,1,1,1,5,SKP
1756,1,1,1,1,5,5,4,1,5,1,1,1,5,1,5,1,1,1,5,1,3,1,5,5,3,5,5,5,5,5,Muutos 2011
1757,5,1,3,2,5,5,3,5,4,3,3,2,4,4,4,2,2,4,5,5,1,1,4,5,3,2,4,5,3,3,Muutos 2011
1766,1,5,1,5,1,2,1,2,5,1,1,5,1,5,1,1,4,1,1,2,5,5,1,1,1,4,1,1,1,5,SKP
